date,tavg,tmin,tmax,prcp,snow,wdir,wspd,wpgt,pres,tsun
2010-01-01 00:00:00,-1.3,,,,,,6,,,
2010-01-02 00:00:00,-0.3,,,,,,9.2,,,
2010-01-03 00:00:00,-2.1,-7,1,,,,8.6,,,
2010-01-04 00:00:00,-3.8,,,,,,3,,,
2010-01-05 00:00:00,-0.4,-1,0,,,,11,,,
2010-01-06 00:00:00,-1.6,,,,,,15.4,,,
2010-01-07 00:00:00,-11.2,-15,-6,,,,0.8,,,
2010-01-08 00:00:00,-6.8,,,,,,4.3,,,
2010-01-09 00:00:00,-2.2,-6,0,,,,16.7,,,
2010-01-10 00:00:00,1.2,,,,,,23,,,
2010-01-11 00:00:00,1.3,1,2,,,,11.6,,,
2010-01-12 00:00:00,1.4,1,2,,,,21.7,,,
2010-01-13 00:00:00,0.2,,,,,,12.2,,,
2010-01-14 00:00:00,0.7,-3,3,,,,5.6,,,
2010-01-15 00:00:00,3.2,,,,,,19.2,,,
2010-01-16 00:00:00,5.3,,,,,,20.8,,,
2010-01-17 00:00:00,3.6,,,,,,12,,,
2010-01-18 00:00:00,6.1,,,,,,9.8,,,
2010-01-19 00:00:00,5.4,4,7,,,,13.5,,,
2010-01-20 00:00:00,3.8,,,,,,18.4,,,
2010-01-21 00:00:00,3.8,2,5,,,,15.2,,,
2010-01-22 00:00:00,6.9,,,,,,14.2,,,
2010-01-23 00:00:00,2.9,,,,,,6,,,
2010-01-24 00:00:00,3.1,,,,,,7.1,,,
2010-01-25 00:00:00,2.5,2,3,,,,11.4,,,
2010-01-26 00:00:00,2,,,,,,4.9,,,
2010-01-27 00:00:00,4,1,8,,,,17.5,,,
2010-01-28 00:00:00,4.4,,,,,,14.7,,,
2010-01-29 00:00:00,2.5,,,,,,17.2,,,
2010-01-30 00:00:00,-0.5,-4,3,,,,11.4,,,
2010-01-31 00:00:00,-0.6,,,,,,7.1,,,
2010-02-01 00:00:00,0.5,,,,,,9.2,,,
2010-02-02 00:00:00,3.9,,,,,,15.4,,,
2010-02-03 00:00:00,-0.4,,,,,,4.9,,,
2010-02-04 00:00:00,5.6,,,,,,16.3,,,
2010-02-05 00:00:00,5.8,,,,,,12.2,,,
2010-02-06 00:00:00,3.1,,,,,,8,,,
2010-02-07 00:00:00,3,,,,,,7,,,
2010-02-08 00:00:00,2,,,,,,17.7,,,
2010-02-09 00:00:00,,,,,,,,,,
2010-02-10 00:00:00,0.8,,,,,,15.2,,,
2010-02-11 00:00:00,0.7,,,,,,9.5,,,
2010-02-12 00:00:00,2.9,,,,,,12,,,
2010-02-13 00:00:00,3.1,,,,,,10.7,,,
2010-02-14 00:00:00,2.6,-2,6,,,,5.3,,,
2010-02-15 00:00:00,3.6,,,,,,8.6,,,
2010-02-16 00:00:00,2.2,-2,6,,,,8,,,
2010-02-17 00:00:00,-0.7,-5,3,,,,7.4,,,
2010-02-18 00:00:00,1.9,,,,,,6.5,,,
2010-02-19 00:00:00,,,,,,,,,,
2010-02-20 00:00:00,0.3,,,,,,4.1,,,
2010-02-21 00:00:00,0.8,,,,,,7.8,,,
2010-02-22 00:00:00,0.4,,,,,,16.6,,,
2010-02-23 00:00:00,1.1,,,,,,16.6,,,
2010-02-24 00:00:00,,,,,,,,,,
2010-02-25 00:00:00,4.4,-1,8,,,,7.9,,,
2010-02-26 00:00:00,3.7,,,,,,14.2,,,
2010-02-27 00:00:00,3.1,,,,,,11.6,,,
2010-02-28 00:00:00,,,,,,,,,,
2010-03-01 00:00:00,2.6,-2,6,,,,5.2,,,
2010-03-02 00:00:00,2.7,,,,,,4.3,,,
2010-03-03 00:00:00,3,,,,,,11.3,,,
2010-03-04 00:00:00,2.5,-3,8,,,,7.4,,,
2010-03-05 00:00:00,2.4,,,,,,9.7,,,
2010-03-06 00:00:00,3.7,,,,,,9,,,
2010-03-07 00:00:00,,,,,,,,,,
2010-03-08 00:00:00,0.9,,,,,,5.9,,,
2010-03-09 00:00:00,4.1,-3,10,,,,9.9,,,
2010-03-10 00:00:00,5.3,,,,,,13.3,,,
2010-03-11 00:00:00,2.9,,,,,,5.6,,,
2010-03-12 00:00:00,6.3,,,,,,16.4,,,
2010-03-13 00:00:00,4.3,-2,8,,,,13.3,,,
2010-03-14 00:00:00,7.1,5,10,,,,19.9,,,
2010-03-15 00:00:00,6.6,,,,,,14.9,,,
2010-03-16 00:00:00,6.6,,,,,,11,,,
2010-03-17 00:00:00,9.8,6,14,,,,16.5,,,
2010-03-18 00:00:00,10.8,9,14,,,,23.8,,,
2010-03-19 00:00:00,9.6,6,13,,,,16.2,,,
2010-03-20 00:00:00,9.4,,,,,,15.4,,,
2010-03-21 00:00:00,7.5,,,,,,10.9,,,
2010-03-22 00:00:00,8,,,,,,20.7,,,
2010-03-23 00:00:00,7.2,,,,,,15.9,,,
2010-03-24 00:00:00,10.3,,,,,,15.5,,,
2010-03-25 00:00:00,10.8,,,,,,14.2,,,
2010-03-26 00:00:00,8.4,,,,,,22.6,,,
2010-03-27 00:00:00,,,,,,,,,,
2010-03-28 00:00:00,,,,,,,,,,
2010-03-29 00:00:00,6.6,4,10,,,,11.3,,,
2010-03-30 00:00:00,8.5,4,13,,,,16.2,,,
2010-03-31 00:00:00,3.1,,,,,,20,,,
2010-04-01 00:00:00,4.5,,,,,,20.9,,,
2010-04-02 00:00:00,5.6,,,,,,15.4,,,
2010-04-03 00:00:00,7.3,,,,,,10.6,,,
2010-04-04 00:00:00,6.2,,,,,,15.6,,,
2010-04-05 00:00:00,8.6,,,,,,25.2,,,
2010-04-06 00:00:00,10.6,,,,,,25.9,,,
2010-04-07 00:00:00,8,3,12,,,,11.4,,,
2010-04-08 00:00:00,7.1,,,,,,8.4,,,
2010-04-09 00:00:00,,,,,,,,,,
2010-04-10 00:00:00,11.9,,,,,,4.5,,,
2010-04-11 00:00:00,10,,,,,,11.5,,,
2010-04-12 00:00:00,8.1,,,,,,11.4,,,
2010-04-13 00:00:00,7.3,,,,,,18.6,,,
2010-04-14 00:00:00,8,,,,,,20.4,,,
2010-04-15 00:00:00,6.9,1,12,,,,13.3,,,
2010-04-16 00:00:00,8.3,,,,,,5.4,,,
2010-04-17 00:00:00,8.8,,,,,,7.9,,,
2010-04-18 00:00:00,8.5,2,13,,,,6.1,,,
2010-04-19 00:00:00,7,,,,,,11.6,,,
2010-04-20 00:00:00,5.5,,,,,,18.8,,,
2010-04-21 00:00:00,,,,,,,,,,
2010-04-22 00:00:00,,,,,,,,,,
2010-04-23 00:00:00,8.5,,,,,,6.8,,,
2010-04-24 00:00:00,,,,,,,,,,
2010-04-25 00:00:00,,,,,,,,,,
2010-04-26 00:00:00,11.6,8,15,,,,13.1,,,
2010-04-27 00:00:00,,,,,,,,,,
2010-04-28 00:00:00,15,,,,,,16,,,
2010-04-29 00:00:00,11,,,,,,9.6,,,
2010-04-30 00:00:00,9.1,,,,,,9.6,,,
2010-05-01 00:00:00,10,,,,,,11.4,,,
2010-05-02 00:00:00,7.1,,,,,,24.4,,,
2010-05-03 00:00:00,6.5,3,10,,,,15.5,,,
2010-05-04 00:00:00,8,,,,,,8.3,,,
2010-05-05 00:00:00,9.4,,,,,,6.1,,,
2010-05-06 00:00:00,10.4,,,,,,12.4,,,
2010-05-07 00:00:00,9.3,6,14,,,,23.4,,,
2010-05-08 00:00:00,9.1,,,,,,27.1,,,
2010-05-09 00:00:00,9.2,,,,,,13.6,,,
2010-05-10 00:00:00,7,,,,,,10.7,,,
2010-05-11 00:00:00,6.6,,,,,,6.3,,,
2010-05-12 00:00:00,6.5,,,,,,10.4,,,
2010-05-13 00:00:00,7,,,,,,9.6,,,
2010-05-14 00:00:00,8.4,,,,,,13.4,,,
2010-05-15 00:00:00,8.8,,,,,,10.5,,,
2010-05-16 00:00:00,9.4,,,,,,15.3,,,
2010-05-17 00:00:00,10.4,,,,,,10.1,,,
2010-05-18 00:00:00,11.2,2,18,,,,4.4,,,
2010-05-19 00:00:00,14,,,,,,8.6,,,
2010-05-20 00:00:00,17.1,,,,,,6.3,,,
2010-05-21 00:00:00,17.4,,,,,,3.2,,,
2010-05-22 00:00:00,20.1,,,,,,4.1,,,
2010-05-23 00:00:00,20.1,,,,,,9.8,,,
2010-05-24 00:00:00,15.3,,,,,,11.5,,,
2010-05-25 00:00:00,12.1,,,,,,10.9,,,
2010-05-26 00:00:00,,,,,,,,,,
2010-05-27 00:00:00,9.4,,,,,,13.9,,,
2010-05-28 00:00:00,10.9,,,,,,12.6,,,
2010-05-29 00:00:00,10.8,,,,,,10.8,,,
2010-05-30 00:00:00,12.2,10,15,,,,22.1,,,
2010-05-31 00:00:00,13,,,,,,9.4,,,
2010-06-01 00:00:00,12.9,,,,,,8.7,,,
2010-06-02 00:00:00,14.5,,,,,,5.9,,,
2010-06-03 00:00:00,17.1,,,,,,8.4,,,
2010-06-04 00:00:00,18.2,,,,,,10.6,,,
2010-06-05 00:00:00,17.5,,,,,,8,,,
2010-06-06 00:00:00,14.3,,,,,,9.8,,,
2010-06-07 00:00:00,14.1,,,,,,8,,,
2010-06-08 00:00:00,13.4,,,,,,10.4,,,
2010-06-09 00:00:00,13.6,,,,,,19.8,,,
2010-06-10 00:00:00,12.9,,,,,,25.8,,,
2010-06-11 00:00:00,12.7,,,,,,15.2,,,
2010-06-12 00:00:00,14.3,,,,,,14.8,,,
2010-06-13 00:00:00,13,10,17,,,,9.2,,,
2010-06-14 00:00:00,,,,,,,,,,
2010-06-15 00:00:00,13.1,,,,,,10.6,,,
2010-06-16 00:00:00,15.5,,,,,,6.9,,,
2010-06-17 00:00:00,,,,,,,,,,
2010-06-18 00:00:00,13.6,,,,,,10.1,,,
2010-06-19 00:00:00,12.6,10,16,,,,18.3,,,
2010-06-20 00:00:00,,,,,,,,,,
2010-06-21 00:00:00,16.6,,,,,,7,,,
2010-06-22 00:00:00,17.3,,,,,,8.6,,,
2010-06-23 00:00:00,16.6,,,,,,9.5,,,
2010-06-24 00:00:00,16.6,,,,,,13.4,,,
2010-06-25 00:00:00,17.4,,,,,,4.2,,,
2010-06-26 00:00:00,20.8,,,,,,10.3,,,
2010-06-27 00:00:00,,,,,,,,,,
2010-06-28 00:00:00,17.7,,,,,,12.6,,,
2010-06-29 00:00:00,,,,,,,,,,
2010-06-30 00:00:00,,,,,,,,,,
2010-07-01 00:00:00,18.8,,,,,,18.3,,,
2010-07-02 00:00:00,18.3,,,,,,17.6,,,
2010-07-03 00:00:00,,,,,,,,,,
2010-07-04 00:00:00,16.7,,,,,,24.1,,,
2010-07-05 00:00:00,15.8,,,,,,16.8,,,
2010-07-06 00:00:00,,,,,,,,,,
2010-07-07 00:00:00,17.6,,,,,,20.8,,,
2010-07-08 00:00:00,16.8,,,,,,13.3,,,
2010-07-09 00:00:00,19.2,,,,,,14.5,,,
2010-07-10 00:00:00,20.9,,,,,,17.1,,,
2010-07-11 00:00:00,17.3,14,20,,,,19.7,,,
2010-07-12 00:00:00,14.1,13,16,,,,12.5,,,
2010-07-13 00:00:00,14.4,,,,,,15.4,,,
2010-07-14 00:00:00,17.5,,,,,,18.8,,,
2010-07-15 00:00:00,16.1,,,,,,24.3,,,
2010-07-16 00:00:00,15,,,,,,21.1,,,
2010-07-17 00:00:00,,,,,,,,,,
2010-07-18 00:00:00,16.4,,,,,,21.4,,,
2010-07-19 00:00:00,18.7,,,,,,15.8,,,
2010-07-20 00:00:00,17.6,15,21,,,,12.7,,,
2010-07-21 00:00:00,16.5,14,20,,,,11.2,,,
2010-07-22 00:00:00,14.4,,,,,,15.4,,,
2010-07-23 00:00:00,15.2,,,,,,8.4,,,
2010-07-24 00:00:00,15,,,,,,9.8,,,
2010-07-25 00:00:00,16.7,,,,,,14,,,
2010-07-26 00:00:00,17,,,,,,9.9,,,
2010-07-27 00:00:00,,,,,,,,,,
2010-07-28 00:00:00,14.7,,,,,,13.7,,,
2010-07-29 00:00:00,14.9,,,,,,13.6,,,
2010-07-30 00:00:00,15.7,,,,,,12.1,,,
2010-07-31 00:00:00,,,,,,,,,,
2010-08-01 00:00:00,15.9,,,,,,12.7,,,
2010-08-02 00:00:00,15.3,,,,,,10,,,
2010-08-03 00:00:00,14.5,,,,,,11.3,,,
2010-08-04 00:00:00,14.3,,,,,,14.4,,,
2010-08-05 00:00:00,,,,,,,,,,
2010-08-06 00:00:00,15.1,,,,,,16.6,,,
2010-08-07 00:00:00,16.5,,,,,,14.2,,,
2010-08-08 00:00:00,,,,,,,,,,
2010-08-09 00:00:00,15.3,,,,,,14.1,,,
2010-08-10 00:00:00,14.9,12,19,,,,15.5,,,
2010-08-11 00:00:00,13.9,,,,,,15.1,,,
2010-08-12 00:00:00,,,,,,,,,,
2010-08-13 00:00:00,14,,,,,,13.7,,,
2010-08-14 00:00:00,,,,,,,,,,
2010-08-15 00:00:00,17.7,,,,,,12.4,,,
2010-08-16 00:00:00,15.9,,,,,,11.9,,,
2010-08-17 00:00:00,14.7,,,,,,10.6,,,
2010-08-18 00:00:00,13.8,,,,,,10.6,,,
2010-08-19 00:00:00,14.9,,,,,,15.1,,,
2010-08-20 00:00:00,19.2,,,,,,26.1,,,
2010-08-21 00:00:00,17,,,,,,13.7,,,
2010-08-22 00:00:00,16,,,,,,8.2,,,
2010-08-23 00:00:00,14,,,,,,12.3,,,
2010-08-24 00:00:00,12.9,,,,,,20.2,,,
2010-08-25 00:00:00,13.9,,,,,,7.7,,,
2010-08-26 00:00:00,14,,,,,,21,,,
2010-08-27 00:00:00,13.7,,,,,,12.5,,,
2010-08-28 00:00:00,12.7,,,,,,15.9,,,
2010-08-29 00:00:00,13.6,,,,,,21,,,
2010-08-30 00:00:00,11.6,,,,,,8.6,,,
2010-08-31 00:00:00,12.5,5,19,,,,7,,,
2010-09-01 00:00:00,14.3,,,,,,3.6,,,
2010-09-02 00:00:00,15.7,,,,,,5,,,
2010-09-03 00:00:00,,,,,,,,,,
2010-09-04 00:00:00,15.6,,,,,,11.1,,,
2010-09-05 00:00:00,16.8,,,,,,18.6,,,
2010-09-06 00:00:00,16,14,19,,,,28.5,,,
2010-09-07 00:00:00,14.3,,,,,,12.2,,,
2010-09-08 00:00:00,13.8,8,20,,,,6.1,,,
2010-09-09 00:00:00,14.7,,,,,,9.8,,,
2010-09-10 00:00:00,16.7,,,,,,17.7,,,
2010-09-11 00:00:00,,,,,,,,,,
2010-09-12 00:00:00,13.6,,,,,,12.3,,,
2010-09-13 00:00:00,15.1,,,,,,19.8,,,
2010-09-14 00:00:00,15.3,,,,,,24.7,,,
2010-09-15 00:00:00,,,,,,,,,,
2010-09-16 00:00:00,12.8,,,,,,18.7,,,
2010-09-17 00:00:00,10.9,,,,,,12.9,,,
2010-09-18 00:00:00,10,,,,,,10.2,,,
2010-09-19 00:00:00,13.4,,,,,,17.3,,,
2010-09-20 00:00:00,15.1,,,,,,13.3,,,
2010-09-21 00:00:00,15.1,11,19,,,,9.2,,,
2010-09-22 00:00:00,,,,,,,,,,
2010-09-23 00:00:00,14.9,,,,,,10.9,,,
2010-09-24 00:00:00,11,,,,,,22,,,
2010-09-25 00:00:00,8,,,,,,11.8,,,
2010-09-26 00:00:00,9.5,,,,,,11.7,,,
2010-09-27 00:00:00,12.5,10,14,,,,11.7,,,
2010-09-28 00:00:00,13.6,12,15,,,,7.6,,,
2010-09-29 00:00:00,13.4,,,,,,13.3,,,
2010-09-30 00:00:00,10.9,,,,,,9,,,
2010-10-01 00:00:00,13,10,15,,,,18.7,,,
2010-10-02 00:00:00,11.2,,,,,,12.6,,,
2010-10-03 00:00:00,11.7,,,,,,10.8,,,
2010-10-04 00:00:00,11.4,,,,,,9.9,,,
2010-10-05 00:00:00,13.8,,,,,,17.8,,,
2010-10-06 00:00:00,,,,,,,,,,
2010-10-07 00:00:00,12.1,,,,,,14.1,,,
2010-10-08 00:00:00,15.7,,,,,,17.9,,,
2010-10-09 00:00:00,14.2,10,16,,,,20.2,,,
2010-10-10 00:00:00,13.8,,,,,,20.8,,,
2010-10-11 00:00:00,11.1,,,,,,18,,,
2010-10-12 00:00:00,7.5,,,,,,2.8,,,
2010-10-13 00:00:00,6,,,,,,4.1,,,
2010-10-14 00:00:00,8.5,,,,,,4.8,,,
2010-10-15 00:00:00,9.7,,,,,,7.4,,,
2010-10-16 00:00:00,7,,,,,,6.8,,,
2010-10-17 00:00:00,6.6,,,,,,8.5,,,
2010-10-18 00:00:00,10.8,,,,,,18.5,,,
2010-10-19 00:00:00,7.9,,,,,,11.2,,,
2010-10-20 00:00:00,3.5,,,,,,8.8,,,
2010-10-21 00:00:00,6.8,2,11,,,,15.2,,,
2010-10-22 00:00:00,9.4,,,,,,17.3,,,
2010-10-23 00:00:00,8.2,,,,,,13.3,,,
2010-10-24 00:00:00,3.9,,,,,,5.7,,,
2010-10-25 00:00:00,2.3,,,,,,6.8,,,
2010-10-26 00:00:00,,,,,,,,,,
2010-10-27 00:00:00,12.4,10,14,,,,21.3,,,
2010-10-28 00:00:00,10.8,,,,,,19.1,,,
2010-10-29 00:00:00,12.6,,,,,,28.8,,,
2010-10-30 00:00:00,9.6,,,,,,16.4,,,
2010-10-31 00:00:00,10,,,,,,10,,,
2010-11-01 00:00:00,9.5,,,,,,12.3,,,
2010-11-02 00:00:00,11.6,11,13,,,,23.7,,,
2010-11-03 00:00:00,10.5,9,12,,,,13.7,,,
2010-11-04 00:00:00,14.8,,,,,,27.6,,,
2010-11-05 00:00:00,10.9,,,,,,15.4,,,
2010-11-06 00:00:00,6.5,,,,,,5.3,,,
2010-11-07 00:00:00,4.7,2,8,,,,10.7,,,
2010-11-08 00:00:00,4.5,,,,,,23.6,,,
2010-11-09 00:00:00,5.5,,,,,,29.2,,,
2010-11-10 00:00:00,3.1,1,7,,,,10,,,
2010-11-11 00:00:00,8.2,,,,,,33.1,,,
2010-11-12 00:00:00,9,,,,,,34.1,,,
2010-11-13 00:00:00,,,,,,,,,,
2010-11-14 00:00:00,,,,,,,,,,
2010-11-15 00:00:00,3.8,-2,8,,,,8.4,,,
2010-11-16 00:00:00,,,,,,,,,,
2010-11-17 00:00:00,6.3,,,,,,28.6,,,
2010-11-18 00:00:00,6.7,,,,,,20.3,,,
2010-11-19 00:00:00,5,,,,,,4.8,,,
2010-11-20 00:00:00,4.8,,,,,,8.9,,,
2010-11-21 00:00:00,,,,,,,,,,
2010-11-22 00:00:00,,,,,,,,,,
2010-11-23 00:00:00,4.3,,,,,,7.9,,,
2010-11-24 00:00:00,0,,,,,,6.3,,,
2010-11-25 00:00:00,0,,,,,,10.2,,,
2010-11-26 00:00:00,-2.8,,,,,,2.9,,,
2010-11-27 00:00:00,-1.7,,,,,,13.4,,,
2010-11-28 00:00:00,-5.6,,,,,,3.6,,,
2010-11-29 00:00:00,-2.4,-7,2,,,,8.5,,,
2010-11-30 00:00:00,0,-2,1,,,,22.7,,,
2010-12-01 00:00:00,-1.6,,,,,,20.7,,,
2010-12-02 00:00:00,-1.1,,,,,,18.9,,,
2010-12-03 00:00:00,-5.2,,,,,,10.6,,,
2010-12-04 00:00:00,1.4,,,,,,9,,,
2010-12-05 00:00:00,,,,,,,,,,
2010-12-06 00:00:00,,,,,,,,,,
2010-12-07 00:00:00,-3.4,-8,2,,,,1,,,
2010-12-08 00:00:00,-3,,,,,,4.1,,,
2010-12-09 00:00:00,,,,,,,,,,
2010-12-10 00:00:00,6.5,5,7,,,,13.9,,,
2010-12-11 00:00:00,,,,,,,,,,
2010-12-12 00:00:00,-0.4,,,,,,1.8,,,
2010-12-13 00:00:00,2.7,,,,,,4.8,,,
2010-12-14 00:00:00,2,,,,,,5.4,,,
2010-12-15 00:00:00,3.6,,,,,,6.8,,,
2010-12-16 00:00:00,3.2,,,,,,23.2,,,
2010-12-17 00:00:00,-2.7,,,,,,7.6,,,
2010-12-18 00:00:00,-3.4,,,,,,11.7,,,
2010-12-19 00:00:00,-6.4,,,,,,5.7,,,
2010-12-20 00:00:00,-8.2,,,,,,3,,,
2010-12-21 00:00:00,-3,-6,0,,,,11.6,,,
2010-12-22 00:00:00,-2.2,,,,,,10,,,
2010-12-23 00:00:00,-3.7,-8,1,,,,6.6,,,
2010-12-24 00:00:00,-6.4,,,,,,2.6,,,
2010-12-25 00:00:00,-8.1,,,,,,1.3,,,
2010-12-26 00:00:00,-4.1,-10,1,,,,6.7,,,
2010-12-27 00:00:00,2.4,,,,,,17.9,,,
2010-12-28 00:00:00,4.2,2,7,,,,12.3,,,
2010-12-29 00:00:00,6.9,,,,,,5.8,,,
2010-12-30 00:00:00,5.8,,,,,,1.5,,,
2010-12-31 00:00:00,4.9,4,5,,,,2.2,,,
2011-01-01 00:00:00,4.7,,,,,,10,,,
2011-01-02 00:00:00,1.7,,,,,,6.1,,,
2011-01-03 00:00:00,-1,,,,,,5.8,,,
2011-01-04 00:00:00,1.7,-2,5,,,,15.2,,,
2011-01-05 00:00:00,4.1,,,,,,15.5,,,
2011-01-06 00:00:00,1.9,0,4,,,,6.7,,,
2011-01-07 00:00:00,1.9,-1,6,,,,9.9,,,
2011-01-08 00:00:00,4.3,,,,,,19.1,,,
2011-01-09 00:00:00,,,,,,,,,,
2011-01-10 00:00:00,5,,,,,,26.6,,,
2011-01-11 00:00:00,4.5,,,,,,16.2,,,
2011-01-12 00:00:00,7.3,3,10,,,,14.5,,,
2011-01-13 00:00:00,10.4,,,,,,14.5,,,
2011-01-14 00:00:00,8.4,,,,,,15.4,,,
2011-01-15 00:00:00,9.9,,,,,,31.3,,,
2011-01-16 00:00:00,9.4,,,,,,25.2,,,
2011-01-17 00:00:00,,,,,,,,,,
2011-01-18 00:00:00,3.9,,,,,,7.1,,,
2011-01-19 00:00:00,1.9,,,,,,3.3,,,
2011-01-20 00:00:00,-0.7,,,,,,2.1,,,
2011-01-21 00:00:00,-0.6,,,,,,2.3,,,
2011-01-22 00:00:00,-0.8,,,,,,2.3,,,
2011-01-23 00:00:00,3.3,,,,,,5,,,
2011-01-24 00:00:00,4.8,,,,,,9.8,,,
2011-01-25 00:00:00,6.8,,,,,,14.8,,,
2011-01-26 00:00:00,4.2,,,,,,14.4,,,
2011-01-27 00:00:00,1,-2,2,,,,15.4,,,
2011-01-28 00:00:00,0.2,,,,,,8.1,,,
2011-01-29 00:00:00,-2,-7,2,,,,3.1,,,
2011-01-30 00:00:00,0.4,,,,,,4.9,,,
2011-01-31 00:00:00,-0.3,,,,,,6.8,,,
2011-02-01 00:00:00,5.5,1,10,,,,15.2,,,
2011-02-02 00:00:00,7.2,4,10,,,,24,,,
2011-02-03 00:00:00,5.8,2,9,,,,26.6,,,
2011-02-04 00:00:00,11,9,13,,,,35.9,,,
2011-02-05 00:00:00,9.9,8,13,,,,23.2,,,
2011-02-06 00:00:00,10.2,9,12,,,,28,,,
2011-02-07 00:00:00,7.9,,,,,,32.2,,,
2011-02-08 00:00:00,4.3,0,8,,,,12.2,,,
2011-02-09 00:00:00,7.9,,,,,,20.1,,,
2011-02-10 00:00:00,8.1,7,10,,,,9.5,,,
2011-02-11 00:00:00,8.3,6,11,,,,9.4,,,
2011-02-12 00:00:00,7.1,,,,,,10.6,,,
2011-02-13 00:00:00,7.1,5,9,,,,20.7,,,
2011-02-14 00:00:00,4.2,,,,,,13.7,,,
2011-02-15 00:00:00,4.4,,,,,,17,,,
2011-02-16 00:00:00,5.2,,,,,,12.8,,,
2011-02-17 00:00:00,,,,,,,,,,
2011-02-18 00:00:00,,,,,,,,,,
2011-02-19 00:00:00,,,,,,,,,,
2011-02-20 00:00:00,,,,,,,,,,
2011-02-21 00:00:00,,,,,,,,,,
2011-02-22 00:00:00,5.7,,,,,,9.7,,,
2011-02-23 00:00:00,,,,,,,,,,
2011-02-24 00:00:00,,,,,,,,,,
2011-02-25 00:00:00,10.5,,,,,,15.9,,,
2011-02-26 00:00:00,7.2,,,,,,15.5,,,
2011-02-27 00:00:00,,,,,,,,,,
2011-02-28 00:00:00,,,,,,,,,,
2011-03-01 00:00:00,,,,,,,,,,
2011-03-02 00:00:00,,,,,,,,,,
2011-03-03 00:00:00,,,,,,,,,,
2011-03-04 00:00:00,,,,,,,,,,
2011-03-05 00:00:00,,,,,,,,,,
2011-03-06 00:00:00,,,,,,,,,,
2011-03-07 00:00:00,,,,,,,,,,
2011-03-08 00:00:00,,,,,,,,,,
2011-03-09 00:00:00,,,,,,,,,,
2011-03-10 00:00:00,,,,,,,,,,
2011-03-11 00:00:00,,,,,,,,,,
2011-03-12 00:00:00,,,,,,,,,,
2011-03-13 00:00:00,,,,,,,,,,
2011-03-14 00:00:00,,,,,,,,,,
2011-03-15 00:00:00,,,,,,,,,,
2011-03-16 00:00:00,,,,,,,,,,
2011-03-17 00:00:00,,,,,,,,,,
2011-03-18 00:00:00,,,,,,,,,,
2011-03-19 00:00:00,,,,,,,,,,
2011-03-20 00:00:00,,,,,,,,,,
2011-03-21 00:00:00,,,,,,,,,,
2011-03-22 00:00:00,,,,,,,,,,
2011-03-23 00:00:00,,,,,,,,,,
2011-03-24 00:00:00,,,,,,,,,,
2011-03-25 00:00:00,,,,,,,,,,
2011-03-26 00:00:00,,,,,,,,,,
2011-03-27 00:00:00,,,,,,,,,,
2011-03-28 00:00:00,,,,,,,,,,
2011-03-29 00:00:00,,,,,,,,,,
2011-03-30 00:00:00,,,,,,,,,,
2011-03-31 00:00:00,,,,,,,,,,
2011-04-01 00:00:00,,,,,,,,,,
2011-04-02 00:00:00,,,,,,,,,,
2011-04-03 00:00:00,,,,,,,,,,
2011-04-04 00:00:00,,,,,,,,,,
2011-04-05 00:00:00,,,,,,,,,,
2011-04-06 00:00:00,,,,,,,,,,
2011-04-07 00:00:00,,,,,,,,,,
2011-04-08 00:00:00,,,,,,,,,,
2011-04-09 00:00:00,,,,,,,,,,
2011-04-10 00:00:00,,,,,,,,,,
2011-04-11 00:00:00,,,,,,,,,,
2011-04-12 00:00:00,,,,,,,,,,
2011-04-13 00:00:00,,,,,,,,,,
2011-04-14 00:00:00,,,,,,,,,,
2011-04-15 00:00:00,,,,,,,,,,
2011-04-16 00:00:00,,,,,,,,,,
2011-04-17 00:00:00,,,,,,,,,,
2011-04-18 00:00:00,,,,,,,,,,
2011-04-19 00:00:00,,,,,,,,,,
2011-04-20 00:00:00,,,,,,,,,,
2011-04-21 00:00:00,,,,,,,,,,
2011-04-22 00:00:00,,,,,,,,,,
2011-04-23 00:00:00,,,,,,,,,,
2011-04-24 00:00:00,,,,,,,,,,
2011-04-25 00:00:00,,,,,,,,,,
2011-04-26 00:00:00,,,,,,,,,,
2011-04-27 00:00:00,,,,,,,,,,
2011-04-28 00:00:00,,,,,,,,,,
2011-04-29 00:00:00,,,,,,,,,,
2011-04-30 00:00:00,,,,,,,,,,
2011-05-01 00:00:00,,,,,,,,,,
2011-05-02 00:00:00,,,,,,,,,,
2011-05-03 00:00:00,,,,,,,,,,
2011-05-04 00:00:00,,,,,,,,,,
2011-05-05 00:00:00,,,,,,,,,,
2011-05-06 00:00:00,,,,,,,,,,
2011-05-07 00:00:00,,,,,,,,,,
2011-05-08 00:00:00,,,,,,,,,,
2011-05-09 00:00:00,,,,,,,,,,
2011-05-10 00:00:00,,,,,,,,,,
2011-05-11 00:00:00,,,,,,,,,,
2011-05-12 00:00:00,,,,,,,,,,
2011-05-13 00:00:00,,,,,,,,,,
2011-05-14 00:00:00,,,,,,,,,,
2011-05-15 00:00:00,,,,,,,,,,
2011-05-16 00:00:00,,,,,,,,,,
2011-05-17 00:00:00,,,,,,,,,,
2011-05-18 00:00:00,,,,,,,,,,
2011-05-19 00:00:00,,,,,,,,,,
2011-05-20 00:00:00,,,,,,,,,,
2011-05-21 00:00:00,,,,,,,,,,
2011-05-22 00:00:00,11.7,,,,,,26,,,
2011-05-23 00:00:00,,,,,,,,,,
2011-05-24 00:00:00,,,,,,,,,,
2011-05-25 00:00:00,,,,,,,,,,
2011-05-26 00:00:00,,,,,,,,,,
2011-05-27 00:00:00,,,,,,,,,,
2011-05-28 00:00:00,,,,,,,,,,
2011-05-29 00:00:00,,,,,,,,,,
2011-05-30 00:00:00,,,,,,,,,,
2011-05-31 00:00:00,,,,,,,,,,
2011-06-01 00:00:00,,,,,,,,,,
2011-06-02 00:00:00,,,,,,,,,,
2011-06-03 00:00:00,,,,,,,,,,
2011-06-04 00:00:00,,,,,,,,,,
2011-06-05 00:00:00,,,,,,,,,,
2011-06-06 00:00:00,,,,,,,,,,
2011-06-07 00:00:00,,,,,,,,,,
2011-06-08 00:00:00,,,,,,,,,,
2011-06-09 00:00:00,,,,,,,,,,
2011-06-10 00:00:00,,,,,,,,,,
2011-06-11 00:00:00,,,,,,,,,,
2011-06-12 00:00:00,,,,,,,,,,
2011-06-13 00:00:00,,,,,,,,,,
2011-06-14 00:00:00,,,,,,,,,,
2011-06-15 00:00:00,,,,,,,,,,
2011-06-16 00:00:00,,,,,,,,,,
2011-06-17 00:00:00,,,,,,,,,,
2011-06-18 00:00:00,,,,,,,,,,
2011-06-19 00:00:00,,,,,,,,,,
2011-06-20 00:00:00,,,,,,,,,,
2011-06-21 00:00:00,,,,,,,,,,
2011-06-22 00:00:00,,,,,,,,,,
2011-06-23 00:00:00,,,,,,,,,,
2011-06-24 00:00:00,,,,,,,,,,
2011-06-25 00:00:00,,,,,,,,,,
2011-06-26 00:00:00,,,,,,,,,,
2011-06-27 00:00:00,,,,,,,,,,
2011-06-28 00:00:00,,,,,,,,,,
2011-06-29 00:00:00,,,,,,,,,,
2011-06-30 00:00:00,,,,,,,,,,
2011-07-01 00:00:00,,,,,,,,,,
2011-07-02 00:00:00,,,,,,,,,,
2011-07-03 00:00:00,,,,,,,,,,
2011-07-04 00:00:00,,,,,,,,,,
2011-07-05 00:00:00,,,,,,,,,,
2011-07-06 00:00:00,,,,,,,,,,
2011-07-07 00:00:00,,,,,,,,,,
2011-07-08 00:00:00,,,,,,,,,,
2011-07-09 00:00:00,,,,,,,,,,
2011-07-10 00:00:00,,,,,,,,,,
2011-07-11 00:00:00,,,,,,,,,,
2011-07-12 00:00:00,,,,,,,,,,
2011-07-13 00:00:00,,,,,,,,,,
2011-07-14 00:00:00,,,,,,,,,,
2011-07-15 00:00:00,,,,,,,,,,
2011-07-16 00:00:00,,,,,,,,,,
2011-07-17 00:00:00,13.1,,,,,,19.3,,,
2011-07-18 00:00:00,,,,,,,,,,
2011-07-19 00:00:00,,,,,,,,,,
2011-07-20 00:00:00,,,,,,,,,,
2011-07-21 00:00:00,,,,,,,,,,
2011-07-22 00:00:00,,,,,,,,,,
2011-07-23 00:00:00,,,,,,,,,,
2011-07-24 00:00:00,,,,,,,,,,
2011-07-25 00:00:00,,,,,,,,,,
2011-07-26 00:00:00,,,,,,,,,,
2011-07-27 00:00:00,,,,,,,,,,
2011-07-28 00:00:00,,,,,,,,,,
2011-07-29 00:00:00,,,,,,,,,,
2011-07-30 00:00:00,,,,,,,,,,
2011-07-31 00:00:00,,,,,,,,,,
2011-08-01 00:00:00,,,,,,,,,,
2011-08-02 00:00:00,,,,,,,,,,
2011-08-03 00:00:00,,,,,,,,,,
2011-08-04 00:00:00,,,,,,,,,,
2011-08-05 00:00:00,,,,,,,,,,
2011-08-06 00:00:00,,,,,,,,,,
2011-08-07 00:00:00,,,,,,,,,,
2011-08-08 00:00:00,,,,,,,,,,
2011-08-09 00:00:00,,,,,,,,,,
2011-08-10 00:00:00,,,,,,,,,,
2011-08-11 00:00:00,,,,,,,,,,
2011-08-12 00:00:00,,,,,,,,,,
2011-08-13 00:00:00,,,,,,,,,,
2011-08-14 00:00:00,,,,,,,,,,
2011-08-15 00:00:00,,,,,,,,,,
2011-08-16 00:00:00,,,,,,,,,,
2011-08-17 00:00:00,,,,,,,,,,
2011-08-18 00:00:00,,,,,,,,,,
2011-08-19 00:00:00,,,,,,,,,,
2011-08-20 00:00:00,,,,,,,,,,
2011-08-21 00:00:00,,,,,,,,,,
2011-08-22 00:00:00,,,,,,,,,,
2011-08-23 00:00:00,,,,,,,,,,
2011-08-24 00:00:00,,,,,,,,,,
2011-08-25 00:00:00,,,,,,,,,,
2011-08-26 00:00:00,,,,,,,,,,
2011-08-27 00:00:00,,,,,,,,,,
2011-08-28 00:00:00,,,,,,,,,,
2011-08-29 00:00:00,,,,,,,,,,
2011-08-30 00:00:00,,,,,,,,,,
2011-08-31 00:00:00,,,,,,,,,,
2011-09-01 00:00:00,,,,,,,,,,
2011-09-02 00:00:00,,,,,,,,,,
2011-09-03 00:00:00,,,,,,,,,,
2011-09-04 00:00:00,,,,,,,,,,
2011-09-05 00:00:00,,,,,,,,,,
2011-09-06 00:00:00,,,,,,,,,,
2011-09-07 00:00:00,,,,,,,,,,
2011-09-08 00:00:00,,,,,,,,,,
2011-09-09 00:00:00,,,,,,,,,,
2011-09-10 00:00:00,,,,,,,,,,
2011-09-11 00:00:00,,,,,,,,,,
2011-09-12 00:00:00,,,,,,,,,,
2011-09-13 00:00:00,,,,,,,,,,
2011-09-14 00:00:00,,,,,,,,,,
2011-09-15 00:00:00,,,,,,,,,,
2011-09-16 00:00:00,,,,,,,,,,
2011-09-17 00:00:00,,,,,,,,,,
2011-09-18 00:00:00,,,,,,,,,,
2011-09-19 00:00:00,,,,,,,,,,
2011-09-20 00:00:00,,,,,,,,,,
2011-09-21 00:00:00,,,,,,,,,,
2011-09-22 00:00:00,,,,,,,,,,
2011-09-23 00:00:00,,,,,,,,,,
2011-09-24 00:00:00,,,,,,,,,,
2011-09-25 00:00:00,,,,,,,,,,
2011-09-26 00:00:00,,,,,,,,,,
2011-09-27 00:00:00,,,,,,,,,,
2011-09-28 00:00:00,,,,,,,,,,
2011-09-29 00:00:00,,,,,,,,,,
2011-09-30 00:00:00,,,,,,,,,,
2011-10-01 00:00:00,,,,,,,,,,
2011-10-02 00:00:00,17.3,,,,,,7.7,,,
2011-10-03 00:00:00,18.2,,,,,,19.5,,,
2011-10-04 00:00:00,,,,,,,,,,
2011-10-05 00:00:00,,,,,,,,,,
2011-10-06 00:00:00,,,,,,,,,,
2011-10-07 00:00:00,,,,,,,,,,
2011-10-08 00:00:00,,,,,,,,,,
2011-10-09 00:00:00,,,,,,,,,,
2011-10-10 00:00:00,,,,,,,,,,
2011-10-11 00:00:00,,,,,,,,,,
2011-10-12 00:00:00,,,,,,,,,,
2011-10-13 00:00:00,,,,,,,,,,
2011-10-14 00:00:00,,,,,,,,,,
2011-10-15 00:00:00,,,,,,,,,,
2011-10-16 00:00:00,,,,,,,,,,
2011-10-17 00:00:00,,,,,,,,,,
2011-10-18 00:00:00,,,,,,,,,,
2011-10-19 00:00:00,,,,,,,,,,
2011-10-20 00:00:00,,,,,,,,,,
2011-10-21 00:00:00,,,,,,,,,,
2011-10-22 00:00:00,,,,,,,,,,
2011-10-23 00:00:00,,,,,,,,,,
2011-10-24 00:00:00,,,,,,,,,,
2011-10-25 00:00:00,,,,,,,,,,
2011-10-26 00:00:00,,,,,,,,,,
2011-10-27 00:00:00,,,,,,,,,,
2011-10-28 00:00:00,,,,,,,,,,
2011-10-29 00:00:00,,,,,,,,,,
2011-10-30 00:00:00,,,,,,,,,,
2011-10-31 00:00:00,,,,,,,,,,
2011-11-01 00:00:00,,,,,,,,,,
2011-11-02 00:00:00,,,,,,,,,,
2011-11-03 00:00:00,,,,,,,,,,
2011-11-04 00:00:00,,,,,,,,,,
2011-11-05 00:00:00,,,,,,,,,,
2011-11-06 00:00:00,,,,,,,,,,
2011-11-07 00:00:00,,,,,,,,,,
2011-11-08 00:00:00,,,,,,,,,,
2011-11-09 00:00:00,,,,,,,,,,
2011-11-10 00:00:00,,,,,,,,,,
2011-11-11 00:00:00,,,,,,,,,,
2011-11-12 00:00:00,,,,,,,,,,
2011-11-13 00:00:00,,,,,,,,,,
2011-11-14 00:00:00,,,,,,,,,,
2011-11-15 00:00:00,,,,,,,,,,
2011-11-16 00:00:00,,,,,,,,,,
2011-11-17 00:00:00,,,,,,,,,,
2011-11-18 00:00:00,,,,,,,,,,
2011-11-19 00:00:00,,,,,,,,,,
2011-11-20 00:00:00,,,,,,,,,,
2011-11-21 00:00:00,,,,,,,,,,
2011-11-22 00:00:00,,,,,,,,,,
2011-11-23 00:00:00,,,,,,,,,,
2011-11-24 00:00:00,,,,,,,,,,
2011-11-25 00:00:00,,,,,,,,,,
2011-11-26 00:00:00,,,,,,,,,,
2011-11-27 00:00:00,,,,,,,,,,
2011-11-28 00:00:00,,,,,,,,,,
2011-11-29 00:00:00,,,,,,,,,,
2011-11-30 00:00:00,,,,,,,,,,
2011-12-01 00:00:00,,,,,,,,,,
2011-12-02 00:00:00,,,,,,,,,,
2011-12-03 00:00:00,,,,,,,,,,
2011-12-04 00:00:00,,,,,,,,,,
2011-12-05 00:00:00,,,,,,,,,,
2011-12-06 00:00:00,,,,,,,,,,
2011-12-07 00:00:00,,,,,,,,,,
2011-12-08 00:00:00,,,,,,,,,,
2011-12-09 00:00:00,3.2,,,,,,23.5,,,
2011-12-10 00:00:00,2.6,,,,,,12.5,,,
2011-12-11 00:00:00,,,,,,,,,,
2011-12-12 00:00:00,4.5,,,,,,22.4,,,
2011-12-13 00:00:00,,,,,,,,,,
2011-12-14 00:00:00,,,,,,,,,,
2011-12-15 00:00:00,,,,,,,,,,
2011-12-16 00:00:00,0.5,,,,,,5.8,,,
2011-12-17 00:00:00,,,,,,,,,,
2011-12-18 00:00:00,,,,,,,,,,
2011-12-19 00:00:00,,,,,,,,,,
2011-12-20 00:00:00,,,,,,,,,,
2011-12-21 00:00:00,,,,,,,,,,
2011-12-22 00:00:00,,,,,,,,,,
2011-12-23 00:00:00,,,,,,,,,,
2011-12-24 00:00:00,,,,,,,,,,
2011-12-25 00:00:00,,,,,,,,,,
2011-12-26 00:00:00,,,,,,,,,,
2011-12-27 00:00:00,,,,,,,,,,
2011-12-28 00:00:00,,,,,,,,,,
2011-12-29 00:00:00,,,,,,,,,,
2011-12-30 00:00:00,,,,,,,,,,
2011-12-31 00:00:00,,,,,,,,,,
2012-01-01 00:00:00,,,,,,,,,,
2012-01-02 00:00:00,,,,,,,,,,
2012-01-03 00:00:00,,,,,,,,,,
2012-01-04 00:00:00,,,,,,,,,,
2012-01-05 00:00:00,,,,,,,,,,
2012-01-06 00:00:00,,,,,,,,,,
2012-01-07 00:00:00,,,,,,,,,,
2012-01-08 00:00:00,,,,,,,,,,
2012-01-09 00:00:00,,,,,,,,,,
2012-01-10 00:00:00,,,,,,,,,,
2012-01-11 00:00:00,,,,,,,,,,
2012-01-12 00:00:00,,,,,,,,,,
2012-01-13 00:00:00,,,,,,,,,,
2012-01-14 00:00:00,,,,,,,,,,
2012-01-15 00:00:00,,,,,,,,,,
2012-01-16 00:00:00,,,,,,,,,,
2012-01-17 00:00:00,,,,,,,,,,
2012-01-18 00:00:00,,,,,,,,,,
2012-01-19 00:00:00,,,,,,,,,,
2012-01-20 00:00:00,,,,,,,,,,
2012-01-21 00:00:00,,,,,,,,,,
2012-01-22 00:00:00,,,,,,,,,,
2012-01-23 00:00:00,,,,,,,,,,
2012-01-24 00:00:00,,,,,,,,,,
2012-01-25 00:00:00,,,,,,,,,,
2012-01-26 00:00:00,,,,,,,,,,
2012-01-27 00:00:00,,,,,,,,,,
2012-01-28 00:00:00,,,,,,,,,,
2012-01-29 00:00:00,,,,,,,,,,
2012-01-30 00:00:00,,,,,,,,,,
2012-01-31 00:00:00,,,,,,,,,,
2012-02-01 00:00:00,,,,,,,,,,
2012-02-02 00:00:00,,,,,,,,,,
2012-02-03 00:00:00,,,,,,,,,,
2012-02-04 00:00:00,,,,,,,,,,
2012-02-05 00:00:00,,,,,,,,,,
2012-02-06 00:00:00,,,,,,,,,,
2012-02-07 00:00:00,,,,,,,,,,
2012-02-08 00:00:00,,,,,,,,,,
2012-02-09 00:00:00,,,,,,,,,,
2012-02-10 00:00:00,,,,,,,,,,
2012-02-11 00:00:00,,,,,,,,,,
2012-02-12 00:00:00,,,,,,,,,,
2012-02-13 00:00:00,,,,,,,,,,
2012-02-14 00:00:00,,,,,,,,,,
2012-02-15 00:00:00,,,,,,,,,,
2012-02-16 00:00:00,,,,,,,,,,
2012-02-17 00:00:00,,,,,,,,,,
2012-02-18 00:00:00,,,,,,,,,,
2012-02-19 00:00:00,,,,,,,,,,
2012-02-20 00:00:00,,,,,,,,,,
2012-02-21 00:00:00,,,,,,,,,,
2012-02-22 00:00:00,,,,,,,,,,
2012-02-23 00:00:00,,,,,,,,,,
2012-02-24 00:00:00,,,,,,,,,,
2012-02-25 00:00:00,,,,,,,,,,
2012-02-26 00:00:00,,,,,,,,,,
2012-02-27 00:00:00,,,,,,,,,,
2012-02-28 00:00:00,,,,,,,,,,
2012-02-29 00:00:00,,,,,,,,,,
2012-03-01 00:00:00,,,,,,,,,,
2012-03-02 00:00:00,,,,,,,,,,
2012-03-03 00:00:00,,,,,,,,,,
2012-03-04 00:00:00,,,,,,,,,,
2012-03-05 00:00:00,,,,,,,,,,
2012-03-06 00:00:00,,,,,,,,,,
2012-03-07 00:00:00,,,,,,,,,,
2012-03-08 00:00:00,,,,,,,,,,
2012-03-09 00:00:00,,,,,,,,,,
2012-03-10 00:00:00,,,,,,,,,,
2012-03-11 00:00:00,,,,,,,,,,
2012-03-12 00:00:00,,,,,,,,,,
2012-03-13 00:00:00,,,,,,,,,,
2012-03-14 00:00:00,,,,,,,,,,
2012-03-15 00:00:00,,,,,,,,,,
2012-03-16 00:00:00,,,,,,,,,,
2012-03-17 00:00:00,,,,,,,,,,
2012-03-18 00:00:00,,,,,,,,,,
2012-03-19 00:00:00,,,,,,,,,,
2012-03-20 00:00:00,,,,,,,,,,
2012-03-21 00:00:00,,,,,,,,,,
2012-03-22 00:00:00,,,,,,,,,,
2012-03-23 00:00:00,,,,,,,,,,
2012-03-24 00:00:00,,,,,,,,,,
2012-03-25 00:00:00,,,,,,,,,,
2012-03-26 00:00:00,,,,,,,,,,
2012-03-27 00:00:00,,,,,,,,,,
2012-03-28 00:00:00,,,,,,,,,,
2012-03-29 00:00:00,,,,,,,,,,
2012-03-30 00:00:00,,,,,,,,,,
2012-03-31 00:00:00,,,,,,,,,,
2012-04-01 00:00:00,,,,,,,,,,
2012-04-02 00:00:00,,,,,,,,,,
2012-04-03 00:00:00,,,,,,,,,,
2012-04-04 00:00:00,,,,,,,,,,
2012-04-05 00:00:00,,,,,,,,,,
2012-04-06 00:00:00,,,,,,,,,,
2012-04-07 00:00:00,,,,,,,,,,
2012-04-08 00:00:00,,,,,,,,,,
2012-04-09 00:00:00,,,,,,,,,,
2012-04-10 00:00:00,,,,,,,,,,
2012-04-11 00:00:00,,,,,,,,,,
2012-04-12 00:00:00,,,,,,,,,,
2012-04-13 00:00:00,,,,,,,,,,
2012-04-14 00:00:00,,,,,,,,,,
2012-04-15 00:00:00,,,,,,,,,,
2012-04-16 00:00:00,,,,,,,,,,
2012-04-17 00:00:00,,,,,,,,,,
2012-04-18 00:00:00,,,,,,,,,,
2012-04-19 00:00:00,,,,,,,,,,
2012-04-20 00:00:00,,,,,,,,,,
2012-04-21 00:00:00,,,,,,,,,,
2012-04-22 00:00:00,,,,,,,,,,
2012-04-23 00:00:00,,,,,,,,,,
2012-04-24 00:00:00,,,,,,,,,,
2012-04-25 00:00:00,,,,,,,,,,
2012-04-26 00:00:00,,,,,,,,,,
2012-04-27 00:00:00,,,,,,,,,,
2012-04-28 00:00:00,,,,,,,,,,
2012-04-29 00:00:00,,,,,,,,,,
2012-04-30 00:00:00,,,,,,,,,,
2012-05-01 00:00:00,,,,,,,,,,
2012-05-02 00:00:00,,,,,,,,,,
2012-05-03 00:00:00,,,,,,,,,,
2012-05-04 00:00:00,,,,,,,,,,
2012-05-05 00:00:00,,,,,,,,,,
2012-05-06 00:00:00,,,,,,,,,,
2012-05-07 00:00:00,,,,,,,,,,
2012-05-08 00:00:00,,,,,,,,,,
2012-05-09 00:00:00,,,,,,,,,,
2012-05-10 00:00:00,,,,,,,,,,
2012-05-11 00:00:00,,,,,,,,,,
2012-05-12 00:00:00,,,,,,,,,,
2012-05-13 00:00:00,,,,,,,,,,
2012-05-14 00:00:00,,,,,,,,,,
2012-05-15 00:00:00,,,,,,,,,,
2012-05-16 00:00:00,,,,,,,,,,
2012-05-17 00:00:00,,,,,,,,,,
2012-05-18 00:00:00,,,,,,,,,,
2012-05-19 00:00:00,,,,,,,,,,
2012-05-20 00:00:00,,,,,,,,,,
2012-05-21 00:00:00,,,,,,,,,,
2012-05-22 00:00:00,,,,,,,,,,
2012-05-23 00:00:00,,,,,,,,,,
2012-05-24 00:00:00,,,,,,,,,,
2012-05-25 00:00:00,,,,,,,,,,
2012-05-26 00:00:00,,,,,,,,,,
2012-05-27 00:00:00,,,,,,,,,,
2012-05-28 00:00:00,,,,,,,,,,
2012-05-29 00:00:00,,,,,,,,,,
2012-05-30 00:00:00,,,,,,,,,,
2012-05-31 00:00:00,,,,,,,,,,
2012-06-01 00:00:00,,,,,,,,,,
2012-06-02 00:00:00,,,,,,,,,,
2012-06-03 00:00:00,,,,,,,,,,
2012-06-04 00:00:00,,,,,,,,,,
2012-06-05 00:00:00,,,,,,,,,,
2012-06-06 00:00:00,13.8,,,,,,15.1,,,
2012-06-07 00:00:00,13,,,,,,16.1,,,
2012-06-08 00:00:00,12.2,,,,,,24.7,,,
2012-06-09 00:00:00,,,,,,,,,,
2012-06-10 00:00:00,,,,,,,,,,
2012-06-11 00:00:00,,,,,,,,,,
2012-06-12 00:00:00,11.8,,,,,,10.6,,,
2012-06-13 00:00:00,12,,,,,,7.3,,,
2012-06-14 00:00:00,13.4,,,,,,19.6,,,
2012-06-15 00:00:00,13,,,,,,21.7,,,
2012-06-16 00:00:00,,,,,,,,,,
2012-06-17 00:00:00,,,,,,,,,,
2012-06-18 00:00:00,,,,,,,,,,
2012-06-19 00:00:00,,,,,,,,,,
2012-06-20 00:00:00,,,,,,,,,,
2012-06-21 00:00:00,,,,,,,,,,
2012-06-22 00:00:00,,,,,,,,,,
2012-06-23 00:00:00,,,,,,,,,,
2012-06-24 00:00:00,,,,,,,,,,
2012-06-25 00:00:00,,,,,,,,,,
2012-06-26 00:00:00,,,,,,,,,,
2012-06-27 00:00:00,,,,,,,,,,
2012-06-28 00:00:00,,,,,,,,,,
2012-06-29 00:00:00,,,,,,,,,,
2012-06-30 00:00:00,,,,,,,,,,
2012-07-01 00:00:00,,,,,,,,,,
2012-07-02 00:00:00,,,,,,,,,,
2012-07-03 00:00:00,,,,,,,,,,
2012-07-04 00:00:00,,,,,,,,,,
2012-07-05 00:00:00,,,,,,,,,,
2012-07-06 00:00:00,,,,,,,,,,
2012-07-07 00:00:00,,,,,,,,,,
2012-07-08 00:00:00,,,,,,,,,,
2012-07-09 00:00:00,,,,,,,,,,
2012-07-10 00:00:00,,,,,,,,,,
2012-07-11 00:00:00,,,,,,,,,,
2012-07-12 00:00:00,,,,,,,,,,
2012-07-13 00:00:00,,,,,,,,,,
2012-07-14 00:00:00,,,,,,,,,,
2012-07-15 00:00:00,,,,,,,,,,
2012-07-16 00:00:00,,,,,,,,,,
2012-07-17 00:00:00,,,,,,,,,,
2012-07-18 00:00:00,,,,,,,,,,
2012-07-19 00:00:00,,,,,,,,,,
2012-07-20 00:00:00,,,,,,,,,,
2012-07-21 00:00:00,,,,,,,,,,
2012-07-22 00:00:00,,,,,,,,,,
2012-07-23 00:00:00,,,,,,,,,,
2012-07-24 00:00:00,,,,,,,,,,
2012-07-25 00:00:00,,,,,,,,,,
2012-07-26 00:00:00,,,,,,,,,,
2012-07-27 00:00:00,,,,,,,,,,
2012-07-28 00:00:00,,,,,,,,,,
2012-07-29 00:00:00,,,,,,,,,,
2012-07-30 00:00:00,,,,,,,,,,
2012-07-31 00:00:00,,,,,,,,,,
2012-08-01 00:00:00,,,,,,,,,,
2012-08-02 00:00:00,,,,,,,,,,
2012-08-03 00:00:00,,,,,,,,,,
2012-08-04 00:00:00,,,,,,,,,,
2012-08-05 00:00:00,,,,,,,,,,
2012-08-06 00:00:00,,,,,,,,,,
2012-08-07 00:00:00,,,,,,,,,,
2012-08-08 00:00:00,,,,,,,,,,
2012-08-09 00:00:00,,,,,,,,,,
2012-08-10 00:00:00,,,,,,,,,,
2012-08-11 00:00:00,,,,,,,,,,
2012-08-12 00:00:00,,,,,,,,,,
2012-08-13 00:00:00,,,,,,,,,,
2012-08-14 00:00:00,,,,,,,,,,
2012-08-15 00:00:00,,,,,,,,,,
2012-08-16 00:00:00,,,,,,,,,,
2012-08-17 00:00:00,,,,,,,,,,
2012-08-18 00:00:00,,,,,,,,,,
2012-08-19 00:00:00,,,,,,,,,,
2012-08-20 00:00:00,,,,,,,,,,
2012-08-21 00:00:00,,,,,,,,,,
2012-08-22 00:00:00,,,,,,,,,,
2012-08-23 00:00:00,,,,,,,,,,
2012-08-24 00:00:00,,,,,,,,,,
2012-08-25 00:00:00,,,,,,,,,,
2012-08-26 00:00:00,,,,,,,,,,
2012-08-27 00:00:00,,,,,,,,,,
2012-08-28 00:00:00,,,,,,,,,,
2012-08-29 00:00:00,,,,,,,,,,
2012-08-30 00:00:00,,,,,,,,,,
2012-08-31 00:00:00,,,,,,,,,,
2012-09-01 00:00:00,,,,,,,,,,
2012-09-02 00:00:00,,,,,,,,,,
2012-09-03 00:00:00,,,,,,,,,,
2012-09-04 00:00:00,,,,,,,,,,
2012-09-05 00:00:00,,,,,,,,,,
2012-09-06 00:00:00,,,,,,,,,,
2012-09-07 00:00:00,,,,,,,,,,
2012-09-08 00:00:00,,,,,,,,,,
2012-09-09 00:00:00,,,,,,,,,,
2012-09-10 00:00:00,,,,,,,,,,
2012-09-11 00:00:00,,,,,,,,,,
2012-09-12 00:00:00,,,,,,,,,,
2012-09-13 00:00:00,,,,,,,,,,
2012-09-14 00:00:00,,,,,,,,,,
2012-09-15 00:00:00,,,,,,,,,,
2012-09-16 00:00:00,,,,,,,,,,
2012-09-17 00:00:00,,,,,,,,,,
2012-09-18 00:00:00,,,,,,,,,,
2012-09-19 00:00:00,,,,,,,,,,
2012-09-20 00:00:00,,,,,,,,,,
2012-09-21 00:00:00,,,,,,,,,,
2012-09-22 00:00:00,,,,,,,,,,
2012-09-23 00:00:00,,,,,,,,,,
2012-09-24 00:00:00,,,,,,,,,,
2012-09-25 00:00:00,,,,,,,,,,
2012-09-26 00:00:00,,,,,,,,,,
2012-09-27 00:00:00,,,,,,,,,,
2012-09-28 00:00:00,,,,,,,,,,
2012-09-29 00:00:00,,,,,,,,,,
2012-09-30 00:00:00,,,,,,,,,,
2012-10-01 00:00:00,,,,,,,,,,
2012-10-02 00:00:00,,,,,,,,,,
2012-10-03 00:00:00,,,,,,,,,,
2012-10-04 00:00:00,,,,,,,,,,
2012-10-05 00:00:00,,,,,,,,,,
2012-10-06 00:00:00,,,,,,,,,,
2012-10-07 00:00:00,,,,,,,,,,
2012-10-08 00:00:00,,,,,,,,,,
2012-10-09 00:00:00,,,,,,,,,,
2012-10-10 00:00:00,,,,,,,,,,
2012-10-11 00:00:00,,,,,,,,,,
2012-10-12 00:00:00,,,,,,,,,,
2012-10-13 00:00:00,,,,,,,,,,
2012-10-14 00:00:00,,,,,,,,,,
2012-10-15 00:00:00,,,,,,,,,,
2012-10-16 00:00:00,,,,,,,,,,
2012-10-17 00:00:00,,,,,,,,,,
2012-10-18 00:00:00,,,,,,,,,,
2012-10-19 00:00:00,,,,,,,,,,
2012-10-20 00:00:00,,,,,,,,,,
2012-10-21 00:00:00,,,,,,,,,,
2012-10-22 00:00:00,,,,,,,,,,
2012-10-23 00:00:00,,,,,,,,,,
2012-10-24 00:00:00,,,,,,,,,,
2012-10-25 00:00:00,,,,,,,,,,
2012-10-26 00:00:00,,,,,,,,,,
2012-10-27 00:00:00,,,,,,,,,,
2012-10-28 00:00:00,,,,,,,,,,
2012-10-29 00:00:00,,,,,,,,,,
2012-10-30 00:00:00,,,,,,,,,,
2012-10-31 00:00:00,,,,,,,,,,
2012-11-01 00:00:00,,,,,,,,,,
2012-11-02 00:00:00,,,,,,,,,,
2012-11-03 00:00:00,,,,,,,,,,
2012-11-04 00:00:00,,,,,,,,,,
2012-11-05 00:00:00,,,,,,,,,,
2012-11-06 00:00:00,,,,,,,,,,
2012-11-07 00:00:00,,,,,,,,,,
2012-11-08 00:00:00,,,,,,,,,,
2012-11-09 00:00:00,,,,,,,,,,
2012-11-10 00:00:00,,,,,,,,,,
2012-11-11 00:00:00,,,,,,,,,,
2012-11-12 00:00:00,,,,,,,,,,
2012-11-13 00:00:00,,,,,,,,,,
2012-11-14 00:00:00,,,,,,,,,,
2012-11-15 00:00:00,,,,,,,,,,
2012-11-16 00:00:00,,,,,,,,,,
2012-11-17 00:00:00,,,,,,,,,,
2012-11-18 00:00:00,,,,,,,,,,
2012-11-19 00:00:00,,,,,,,,,,
2012-11-20 00:00:00,,,,,,,,,,
2012-11-21 00:00:00,,,,,,,,,,
2012-11-22 00:00:00,9.5,,,,,,30.4,,,
2012-11-23 00:00:00,,,,,,,,,,
2012-11-24 00:00:00,,,,,,,,,,
2012-11-25 00:00:00,,,,,,,,,,
2012-11-26 00:00:00,,,,,,,,,,
2012-11-27 00:00:00,,,,,,,,,,
2012-11-28 00:00:00,,,,,,,,,,
2012-11-29 00:00:00,,,,,,,,,,
2012-11-30 00:00:00,,,,,,,,,,
2012-12-01 00:00:00,,,,,,,,,,
2012-12-02 00:00:00,,,,,,,,,,
2012-12-03 00:00:00,,,,,,,,,,
2012-12-04 00:00:00,,,,,,,,,,
2012-12-05 00:00:00,,,,,,,,,,
2012-12-06 00:00:00,,,,,,,,,,
2012-12-07 00:00:00,,,,,,,,,,
2012-12-08 00:00:00,,,,,,,,,,
2012-12-09 00:00:00,,,,,,,,,,
2012-12-10 00:00:00,,,,,,,,,,
2012-12-11 00:00:00,,,,,,,,,,
2012-12-12 00:00:00,-1.1,,,,,,5.7,,,
2012-12-13 00:00:00,,,,,,,,,,
2012-12-14 00:00:00,,,,,,,,,,
2012-12-15 00:00:00,,,,,,,,,,
2012-12-16 00:00:00,,,,,,,,,,
2012-12-17 00:00:00,,,,,,,,,,
2012-12-18 00:00:00,,,,,,,,,,
2012-12-19 00:00:00,,,,,,,,,,
2012-12-20 00:00:00,,,,,,,,,,
2012-12-21 00:00:00,,,,,,,,,,
2012-12-22 00:00:00,,,,,,,,,,
2012-12-23 00:00:00,,,,,,,,,,
2012-12-24 00:00:00,,,,,,,,,,
2012-12-25 00:00:00,,,,,,,,,,
2012-12-26 00:00:00,,,,,,,,,,
2012-12-27 00:00:00,,,,,,,,,,
2012-12-28 00:00:00,,,,,,,,,,
2012-12-29 00:00:00,,,,,,,,,,
2012-12-30 00:00:00,,,,,,,,,,
2012-12-31 00:00:00,,,,,,,,,,
2013-01-01 00:00:00,,,,,,,,,,
2013-01-02 00:00:00,,,,,,,,,,
2013-01-03 00:00:00,,,,,,,,,,
2013-01-04 00:00:00,,,,,,,,,,
2013-01-05 00:00:00,,,,,,,,,,
2013-01-06 00:00:00,,,,,,,,,,
2013-01-07 00:00:00,,,,,,,,,,
2013-01-08 00:00:00,,,,,,,,,,
2013-01-09 00:00:00,,,,,,,,,,
2013-01-10 00:00:00,,,,,,,,,,
2013-01-11 00:00:00,,,,,,,,,,
2013-01-12 00:00:00,,,,,,,,,,
2013-01-13 00:00:00,,,,,,,,,,
2013-01-14 00:00:00,,,,,,,,,,
2013-01-15 00:00:00,,,,,,,,,,
2013-01-16 00:00:00,,,,,,,,,,
2013-01-17 00:00:00,,,,,,,,,,
2013-01-18 00:00:00,,,,,,,,,,
2013-01-19 00:00:00,,,,,,,,,,
2013-01-20 00:00:00,,,,,,,,,,
2013-01-21 00:00:00,,,,,,,,,,
2013-01-22 00:00:00,,,,,,,,,,
2013-01-23 00:00:00,,,,,,,,,,
2013-01-24 00:00:00,,,,,,,,,,
2013-01-25 00:00:00,,,,,,,,,,
2013-01-26 00:00:00,,,,,,,,,,
2013-01-27 00:00:00,,,,,,,,,,
2013-01-28 00:00:00,,,,,,,,,,
2013-01-29 00:00:00,,,,,,,,,,
2013-01-30 00:00:00,,,,,,,,,,
2013-01-31 00:00:00,,,,,,,,,,
2013-02-01 00:00:00,,,,,,,,,,
2013-02-02 00:00:00,,,,,,,,,,
2013-02-03 00:00:00,,,,,,,,,,
2013-02-04 00:00:00,,,,,,,,,,
2013-02-05 00:00:00,,,,,,,,,,
2013-02-06 00:00:00,,,,,,,,,,
2013-02-07 00:00:00,,,,,,,,,,
2013-02-08 00:00:00,,,,,,,,,,
2013-02-09 00:00:00,,,,,,,,,,
2013-02-10 00:00:00,,,,,,,,,,
2013-02-11 00:00:00,,,,,,,,,,
2013-02-12 00:00:00,,,,,,,,,,
2013-02-13 00:00:00,,,,,,,,,,
2013-02-14 00:00:00,,,,,,,,,,
2013-02-15 00:00:00,,,,,,,,,,
2013-02-16 00:00:00,,,,,,,,,,
2013-02-17 00:00:00,,,,,,,,,,
2013-02-18 00:00:00,,,,,,,,,,
2013-02-19 00:00:00,,,,,,,,,,
2013-02-20 00:00:00,,,,,,,,,,
2013-02-21 00:00:00,,,,,,,,,,
2013-02-22 00:00:00,,,,,,,,,,
2013-02-23 00:00:00,,,,,,,,,,
2013-02-24 00:00:00,,,,,,,,,,
2013-02-25 00:00:00,,,,,,,,,,
2013-02-26 00:00:00,,,,,,,,,,
2013-02-27 00:00:00,,,,,,,,,,
2013-02-28 00:00:00,,,,,,,,,,
2013-03-01 00:00:00,,,,,,,,,,
2013-03-02 00:00:00,,,,,,,,,,
2013-03-03 00:00:00,,,,,,,,,,
2013-03-04 00:00:00,,,,,,,,,,
2013-03-05 00:00:00,,,,,,,,,,
2013-03-06 00:00:00,,,,,,,,,,
2013-03-07 00:00:00,,,,,,,,,,
2013-03-08 00:00:00,,,,,,,,,,
2013-03-09 00:00:00,,,,,,,,,,
2013-03-10 00:00:00,,,,,,,,,,
2013-03-11 00:00:00,,,,,,,,,,
2013-03-12 00:00:00,,,,,,,,,,
2013-03-13 00:00:00,,,,,,,,,,
2013-03-14 00:00:00,,,,,,,,,,
2013-03-15 00:00:00,,,,,,,,,,
2013-03-16 00:00:00,,,,,,,,,,
2013-03-17 00:00:00,,,,,,,,,,
2013-03-18 00:00:00,,,,,,,,,,
2013-03-19 00:00:00,,,,,,,,,,
2013-03-20 00:00:00,,,,,,,,,,
2013-03-21 00:00:00,,,,,,,,,,
2013-03-22 00:00:00,1.3,,,,,,35.3,,,
2013-03-23 00:00:00,,,,,,,,,,
2013-03-24 00:00:00,,,,,,,,,,
2013-03-25 00:00:00,,,,,,,,,,
2013-03-26 00:00:00,,,,,,,,,,
2013-03-27 00:00:00,,,,,,,,,,
2013-03-28 00:00:00,,,,,,,,,,
2013-03-29 00:00:00,,,,,,,,,,
2013-03-30 00:00:00,,,,,,,,,,
2013-03-31 00:00:00,,,,,,,,,,
2013-04-01 00:00:00,,,,,,,,,,
2013-04-02 00:00:00,,,,,,,,,,
2013-04-03 00:00:00,,,,,,,,,,
2013-04-04 00:00:00,,,,,,,,,,
2013-04-05 00:00:00,,,,,,,,,,
2013-04-06 00:00:00,,,,,,,,,,
2013-04-07 00:00:00,,,,,,,,,,
2013-04-08 00:00:00,,,,,,,,,,
2013-04-09 00:00:00,,,,,,,,,,
2013-04-10 00:00:00,,,,,,,,,,
2013-04-11 00:00:00,,,,,,,,,,
2013-04-12 00:00:00,,,,,,,,,,
2013-04-13 00:00:00,,,,,,,,,,
2013-04-14 00:00:00,,,,,,,,,,
2013-04-15 00:00:00,,,,,,,,,,
2013-04-16 00:00:00,,,,,,,,,,
2013-04-17 00:00:00,,,,,,,,,,
2013-04-18 00:00:00,,,,,,,,,,
2013-04-19 00:00:00,,,,,,,,,,
2013-04-20 00:00:00,,,,,,,,,,
2013-04-21 00:00:00,,,,,,,,,,
2013-04-22 00:00:00,,,,,,,,,,
2013-04-23 00:00:00,,,,,,,,,,
2013-04-24 00:00:00,,,,,,,,,,
2013-04-25 00:00:00,,,,,,,,,,
2013-04-26 00:00:00,,,,,,,,,,
2013-04-27 00:00:00,,,,,,,,,,
2013-04-28 00:00:00,,,,,,,,,,
2013-04-29 00:00:00,,,,,,,,,,
2013-04-30 00:00:00,,,,,,,,,,
2013-05-01 00:00:00,9,,,,,,11.9,,,
2013-05-02 00:00:00,9.2,-1,16,,,,5.2,,,
2013-05-03 00:00:00,10.1,4,15,,,,18.4,,,
2013-05-04 00:00:00,10.7,8,13,,,,19.5,,,
2013-05-05 00:00:00,11.8,6,16,,,,14.5,,,
2013-05-06 00:00:00,12.4,6,20,,,,9.3,,,
2013-05-07 00:00:00,14.9,5,21,,,,12,,,
2013-05-08 00:00:00,13.8,9,17,,,,22.6,,,
2013-05-09 00:00:00,8.9,6,12,,,,27.4,,,
2013-05-10 00:00:00,10,8,14,,,,22.8,,,
2013-05-11 00:00:00,8,6,11,,,,21.2,,,
2013-05-12 00:00:00,9.3,6,11,,,,19.2,,,
2013-05-13 00:00:00,9.1,,,,,,27.6,,,
2013-05-14 00:00:00,7.2,4,12,,,,16.7,,,
2013-05-15 00:00:00,7,4,11,,,,20.8,,,
2013-05-16 00:00:00,8.8,3,14,,,,9.6,,,
2013-05-17 00:00:00,10.1,7,13,,,,12.7,,,
2013-05-18 00:00:00,8.7,,,,,,12.2,,,
2013-05-19 00:00:00,11.6,8,15,,,,8.1,,,
2013-05-20 00:00:00,12.7,10,16,,,,12.8,,,
2013-05-21 00:00:00,11,9,14,,,,10.8,,,
2013-05-22 00:00:00,9.9,7,12,,,,19.7,,,
2013-05-23 00:00:00,7.3,5,11,,,,19.4,,,
2013-05-24 00:00:00,8.1,6,11,,,,28.7,,,
2013-05-25 00:00:00,10.6,5,16,,,,10.2,,,
2013-05-26 00:00:00,10.6,2,17,,,,6.3,,,
2013-05-27 00:00:00,9.7,6,14,,,,19.4,,,
2013-05-28 00:00:00,10,8,13,,,,15.9,,,
2013-05-29 00:00:00,11.5,8,15,,,,16.1,,,
2013-05-30 00:00:00,13.3,11,16,,,,15.2,,,
2013-05-31 00:00:00,13.2,8,19,,,,13.6,,,
2013-06-01 00:00:00,11.1,,,,,,15.8,,,
2013-06-02 00:00:00,11.8,8,16,,,,12.1,,,
2013-06-03 00:00:00,13.4,5,20,,,,3.6,,,
2013-06-04 00:00:00,14.6,7,20,,,,13.6,,,
2013-06-05 00:00:00,13.2,9,17,,,,10,,,
2013-06-06 00:00:00,13.8,8,20,,,,10.6,,,
2013-06-07 00:00:00,15.4,,,,,,10.4,,,
2013-06-08 00:00:00,14.4,9,20,,,,9.6,,,
2013-06-09 00:00:00,13.3,6,20,,,,6.9,,,
2013-06-10 00:00:00,11.7,7,16,,,,9,,,
2013-06-11 00:00:00,13.8,10,18,,,,15.8,,,
2013-06-12 00:00:00,15.8,14,19,,,,20.8,,,
2013-06-13 00:00:00,13.3,11,16,,,,20.3,,,
2013-06-14 00:00:00,12.8,9,16,,,,16.8,,,
2013-06-15 00:00:00,12.4,9,15,,,,26.5,,,
2013-06-16 00:00:00,14.2,11,18,,,,13.6,,,
2013-06-17 00:00:00,15.1,12,18,,,,11.2,,,
2013-06-18 00:00:00,17.2,10,23,,,,9.1,,,
2013-06-19 00:00:00,16.6,12,20,,,,11.4,,,
2013-06-20 00:00:00,13.8,7,20,,,,6.2,,,
2013-06-21 00:00:00,16.5,14,20,,,,10.4,,,
2013-06-22 00:00:00,13.8,11,17,,,,25.2,,,
2013-06-23 00:00:00,12.2,11,14,,,,26.7,,,
2013-06-24 00:00:00,12,10,15,,,,20.2,,,
2013-06-25 00:00:00,13.7,8,19,,,,8,,,
2013-06-26 00:00:00,14,10,18,,,,11.6,,,
2013-06-27 00:00:00,11.8,10,15,,,,11.9,,,
2013-06-28 00:00:00,14.1,12,17,,,,18.1,,,
2013-06-29 00:00:00,13.9,10,18,,,,12.4,,,
2013-06-30 00:00:00,15.8,13,20,,,,19.3,,,
2013-07-01 00:00:00,13.1,10,16,,,,14.8,,,
2013-07-02 00:00:00,13,11,15,,,,17.5,,,
2013-07-03 00:00:00,14.6,13,16,,,,15.9,,,
2013-07-04 00:00:00,16.2,12,20,,,,18.2,,,
2013-07-05 00:00:00,16.6,10,22,,,,6.2,,,
2013-07-06 00:00:00,18.2,12,25,,,,9,,,
2013-07-07 00:00:00,18.9,11,26,,,,8.7,,,
2013-07-08 00:00:00,19.9,13,26,,,,7.9,,,
2013-07-09 00:00:00,19.7,12,26,,,,7.8,,,
2013-07-10 00:00:00,18.6,15,22,,,,12.4,,,
2013-07-11 00:00:00,17.5,11,24,,,,9,,,
2013-07-12 00:00:00,19.3,12,26,,,,7.6,,,
2013-07-13 00:00:00,20,13,27,,,,9.1,,,
2013-07-14 00:00:00,17.9,14,23,,,,10.6,,,
2013-07-15 00:00:00,17.6,12,25,,,,8.2,,,
2013-07-16 00:00:00,18,10,25,,,,7,,,
2013-07-17 00:00:00,19.4,12,26,,,,7.1,,,
2013-07-18 00:00:00,21.7,14,28,,,,6.5,,,
2013-07-19 00:00:00,22.8,15,29,,,,10.4,,,
2013-07-20 00:00:00,19.5,15,23,,,,14.9,,,
2013-07-21 00:00:00,17,15,19,,,,14,,,
2013-07-22 00:00:00,20.2,13,26,,,,9.5,,,
2013-07-23 00:00:00,20.4,,,,,,11.9,,,
2013-07-24 00:00:00,19.5,15,24,,,,8.7,,,
2013-07-25 00:00:00,19.3,16,24,,,,13,,,
2013-07-26 00:00:00,19.1,12,24,,,,7.5,,,
2013-07-27 00:00:00,19.3,12,25,,,,6.5,,,
2013-07-28 00:00:00,17.3,15,22,,,,15.7,,,
2013-07-29 00:00:00,17.6,15,21,,,,18,,,
2013-07-30 00:00:00,16.8,13,21,,,,14.3,,,
2013-07-31 00:00:00,15.8,12,19,,,,12.6,,,
2013-08-01 00:00:00,21.7,17,30,,,,15.8,,,
2013-08-02 00:00:00,20.2,16,25,,,,18.4,,,
2013-08-03 00:00:00,17.6,14,22,,,,18.6,,,
2013-08-04 00:00:00,16.6,14,19,,,,19.1,,,
2013-08-05 00:00:00,16.2,13,19,,,,19.9,,,
2013-08-06 00:00:00,14.6,11,18,,,,8.1,,,
2013-08-07 00:00:00,15.7,9,21,,,,7.7,,,
2013-08-08 00:00:00,16.1,9,22,,,,8.9,,,
2013-08-09 00:00:00,15.8,14,17,,,,16.2,,,
2013-08-10 00:00:00,15.3,13,19,,,,9.3,,,
2013-08-11 00:00:00,14.8,12,18,,,,17.5,,,
2013-08-12 00:00:00,13.8,12,17,,,,17.1,,,
2013-08-13 00:00:00,13.5,10,18,,,,11.4,,,
2013-08-14 00:00:00,15.5,10,20,,,,13,,,
2013-08-15 00:00:00,18.8,16,24,,,,18.5,,,
2013-08-16 00:00:00,17,13,20,,,,14.1,,,
2013-08-17 00:00:00,15.5,13,18,,,,22,,,
2013-08-18 00:00:00,15.3,12,18,,,,15.5,,,
2013-08-19 00:00:00,14.9,11,18,,,,11.5,,,
2013-08-20 00:00:00,16.1,12,21,,,,10.8,,,
2013-08-21 00:00:00,16.5,13,21,,,,14.9,,,
2013-08-22 00:00:00,18.1,12,23,,,,8.9,,,
2013-08-23 00:00:00,18.7,16,21,,,,10.9,,,
2013-08-24 00:00:00,15.8,13,18,,,,12.6,,,
2013-08-25 00:00:00,17.2,13,23,,,,12.3,,,
2013-08-26 00:00:00,18.1,12,23,,,,9.2,,,
2013-08-27 00:00:00,15.5,10,21,,,,8,,,
2013-08-28 00:00:00,15.7,11,19,,,,8.6,,,
2013-08-29 00:00:00,16,10,21,,,,11.8,,,
2013-08-30 00:00:00,17.6,14,21,,,,16.6,,,
2013-08-31 00:00:00,13.5,9,17,,,,15.1,,,
2013-09-01 00:00:00,12.9,9,15,,,,14.9,,,
2013-09-02 00:00:00,16.2,11,20,,,,16,,,
2013-09-03 00:00:00,17,14,21,,,,7.6,,,
2013-09-04 00:00:00,17.3,12,24,,,,9.6,,,
2013-09-05 00:00:00,15,11,20,,,,9.1,,,
2013-09-06 00:00:00,12,10,14,,,,9.2,,,
2013-09-07 00:00:00,11.5,8,15,,,,15.8,,,
2013-09-08 00:00:00,11,8,15,,,,12.6,,,
2013-09-09 00:00:00,10.8,,,,,,9.1,,,
2013-09-10 00:00:00,11.6,7,15,,,,12,,,
2013-09-11 00:00:00,11.8,8,13,,,,7.9,,,
2013-09-12 00:00:00,14.9,12,19,,,,6.4,,,
2013-09-13 00:00:00,12.5,,,,,,9.5,,,
2013-09-14 00:00:00,11.3,6,15,,,,8.8,,,
2013-09-15 00:00:00,10.1,6,15,,,,22,,,
2013-09-16 00:00:00,9,7,11,,,,25.3,,,
2013-09-17 00:00:00,9.1,8,10,,,,15.1,,,
2013-09-18 00:00:00,10.5,7,13,,,,13.5,,,
2013-09-19 00:00:00,12,9,15,,,,19.7,,,
2013-09-20 00:00:00,12.7,11,15,,,,11.9,,,
2013-09-21 00:00:00,14.5,9,21,,,,11.2,,,
2013-09-22 00:00:00,17.2,12,21,,,,11.1,,,
2013-09-23 00:00:00,13.8,9,17,,,,5.4,,,
2013-09-24 00:00:00,16.1,13,20,,,,8,,,
2013-09-25 00:00:00,15,13,17,,,,7.2,,,
2013-09-26 00:00:00,13.8,11,17,,,,12.2,,,
2013-09-27 00:00:00,14.8,12,19,,,,10.5,,,
2013-09-28 00:00:00,13.5,8,19,,,,13,,,
2013-09-29 00:00:00,13.8,12,18,,,,18.7,,,
2013-09-30 00:00:00,14.3,11,18,,,,17.8,,,
2013-10-01 00:00:00,13.5,11,16,,,,17.4,,,
2013-10-02 00:00:00,14.9,12,18,,,,18.2,,,
2013-10-03 00:00:00,16.9,16,18,,,,18.7,,,
2013-10-04 00:00:00,16.3,14,18,,,,15.1,,,
2013-10-05 00:00:00,13.8,11,16,,,,10.1,,,
2013-10-06 00:00:00,13.3,10,19,,,,14,,,
2013-10-07 00:00:00,16.2,15,18,,,,15.9,,,
2013-10-08 00:00:00,15.1,12,17,,,,14,,,
2013-10-09 00:00:00,11,8,13,,,,18.2,,,
2013-10-10 00:00:00,7.8,4,11,,,,18.2,,,
2013-10-11 00:00:00,11,8,14,,,,30.1,,,
2013-10-12 00:00:00,11.6,10,13,,,,30.9,,,
2013-10-13 00:00:00,10.7,10,12,,,,17.7,,,
2013-10-14 00:00:00,10,8,12,,,,18.4,,,
2013-10-15 00:00:00,9.5,6,14,,,,8.7,,,
2013-10-16 00:00:00,9.7,4,13,,,,20,,,
2013-10-17 00:00:00,11.7,8,16,,,,12.7,,,
2013-10-18 00:00:00,12.2,8,15,,,,12.3,,,
2013-10-19 00:00:00,13.8,12,17,,,,16.8,,,
2013-10-20 00:00:00,13.1,12,16,,,,19.9,,,
2013-10-21 00:00:00,13.8,10,17,,,,20,,,
2013-10-22 00:00:00,15.4,15,17,,,,22.1,,,
2013-10-23 00:00:00,11.5,7,15,,,,23.5,,,
2013-10-24 00:00:00,10.2,6,15,,,,12.2,,,
2013-10-25 00:00:00,14.2,12,17,,,,21.8,,,
2013-10-26 00:00:00,13.2,11,15,,,,20.7,,,
2013-10-27 00:00:00,11.4,9,14,,,,25.3,,,
2013-10-28 00:00:00,9.1,7,12,,,,17.5,,,
2013-10-29 00:00:00,8,7,11,,,,16,,,
2013-10-30 00:00:00,8.2,4,12,,,,17.7,,,
2013-10-31 00:00:00,10,8,12,,,,18.4,,,
2013-11-01 00:00:00,8.4,7,10,,,,9,,,
2013-11-02 00:00:00,8.2,4,12,,,,22.6,,,
2013-11-03 00:00:00,6.3,,,,,,21.4,,,
2013-11-04 00:00:00,4.2,-1,10,,,,9.7,,,
2013-11-05 00:00:00,6.6,3,10,,,,17.1,,,
2013-11-06 00:00:00,8,6,9,,,,12,,,
2013-11-07 00:00:00,7.1,4,11,,,,16.4,,,
2013-11-08 00:00:00,6.1,4,8,,,,12.8,,,
2013-11-09 00:00:00,3.9,,,,,,11.5,,,
2013-11-10 00:00:00,3.8,-1,9,,,,7.4,,,
2013-11-11 00:00:00,9.8,6,13,,,,17.3,,,
2013-11-12 00:00:00,7.9,4,11,,,,10.6,,,
2013-11-13 00:00:00,6.2,2,9,,,,16.2,,,
2013-11-14 00:00:00,7.3,3,9,,,,21.2,,,
2013-11-15 00:00:00,4.5,-1,8,,,,5.3,,,
2013-11-16 00:00:00,9.2,8,11,,,,9.9,,,
2013-11-17 00:00:00,8.8,6,10,,,,7.7,,,
2013-11-18 00:00:00,7.2,3,9,,,,11.6,,,
2013-11-19 00:00:00,1.5,-1,5,,,,9.1,,,
2013-11-20 00:00:00,5.1,2,7,,,,23.2,,,
2013-11-21 00:00:00,6.5,5,9,,,,17.8,,,
2013-11-22 00:00:00,4.7,0,7,,,,8.9,,,
2013-11-23 00:00:00,0.2,-4,4,,,,3.1,,,
2013-11-24 00:00:00,3.7,-1,7,,,,6.3,,,
2013-11-25 00:00:00,1.2,-2,6,,,,4.4,,,
2013-11-26 00:00:00,4.1,-2,8,,,,5.9,,,
2013-11-27 00:00:00,9.5,8,11,,,,12.2,,,
2013-11-28 00:00:00,8,7,10,,,,6,,,
2013-11-29 00:00:00,7.5,6,9,,,,23.9,,,
2013-11-30 00:00:00,5.3,1,8,,,,8.4,,,
2013-12-01 00:00:00,8.7,8,10,,,,8.1,,,
2013-12-02 00:00:00,7.2,6,8,,,,6.7,,,
2013-12-03 00:00:00,6.2,,,,,,10.4,,,
2013-12-04 00:00:00,5.7,3,8,,,,13.1,,,
2013-12-05 00:00:00,5.4,3,9,,,,29.9,,,
2013-12-06 00:00:00,4.5,2,7,,,,10.3,,,
2013-12-07 00:00:00,7.1,5,9,,,,14.7,,,
2013-12-08 00:00:00,8.8,6,12,,,,18.8,,,
2013-12-09 00:00:00,8.9,5,11,,,,14.5,,,
2013-12-10 00:00:00,6.9,5,9,,,,17,,,
2013-12-11 00:00:00,4.9,3,7,,,,11.5,,,
2013-12-12 00:00:00,8,4,11,,,,16.7,,,
2013-12-13 00:00:00,10.2,6,12,,,,20.6,,,
2013-12-14 00:00:00,7.5,3,12,,,,26.5,,,
2013-12-15 00:00:00,9.5,3,13,,,,23.6,,,
2013-12-16 00:00:00,8.5,5,13,,,,17.1,,,
2013-12-17 00:00:00,4.1,2,6,,,,11,,,
2013-12-18 00:00:00,7.4,3,11,,,,30.8,,,
2013-12-19 00:00:00,3.5,1,6,,,,18.6,,,
2013-12-20 00:00:00,5.4,1,10,,,,24.7,,,
2013-12-21 00:00:00,9,5,11,,,,25.9,,,
2013-12-22 00:00:00,4.7,2,7,,,,21.7,,,
2013-12-23 00:00:00,7.3,3,11,,,,29.8,,,
2013-12-24 00:00:00,5.6,4,11,,,,32.1,,,
2013-12-25 00:00:00,3.1,2,5,,,,16.2,,,
2013-12-26 00:00:00,3,1,6,,,,14.4,,,
2013-12-27 00:00:00,7.2,4,9,,,,37.8,,,
2013-12-28 00:00:00,3.8,2,7,,,,16.6,,,
2013-12-29 00:00:00,4.3,2,7,,,,18.1,,,
2013-12-30 00:00:00,7.7,4,11,,,,31.1,,,
2013-12-31 00:00:00,6.4,5,9,,,,23.4,,,
2014-01-01 00:00:00,7.5,,,,,,26.5,,,
2014-01-02 00:00:00,6.8,5,9,,,,20.4,,,
2014-01-03 00:00:00,7,5,9,,,,31.1,,,
2014-01-04 00:00:00,4.7,1,6,,,,14.9,,,
2014-01-05 00:00:00,4.8,1,11,,,,25.4,,,
2014-01-06 00:00:00,8.8,8,11,,,,28.3,,,
2014-01-07 00:00:00,8,7,9,,,,26.9,,,
2014-01-08 00:00:00,7.5,,,,,,16.5,,,
2014-01-09 00:00:00,5.8,3,9,,,,17.3,,,
2014-01-10 00:00:00,5.3,2,8,,,,18.3,,,
2014-01-11 00:00:00,3.8,1,7,,,,10.9,,,
2014-01-12 00:00:00,3.7,0,7,,,,17.7,,,
2014-01-13 00:00:00,5.2,,,,,,15.8,,,
2014-01-14 00:00:00,3.8,,,,,,15,,,
2014-01-15 00:00:00,8.6,5,11,,,,20.5,,,
2014-01-16 00:00:00,6.8,5,8,,,,16,,,
2014-01-17 00:00:00,6.3,5,8,,,,18,,,
2014-01-18 00:00:00,7.5,4,9,,,,20.6,,,
2014-01-19 00:00:00,5.5,3,8,,,,11.8,,,
2014-01-20 00:00:00,3.8,2,8,,,,6.4,,,
2014-01-21 00:00:00,4.6,3,6,,,,18.1,,,
2014-01-22 00:00:00,6.9,5,9,,,,14.9,,,
2014-01-23 00:00:00,3.9,0,6,,,,18.4,,,
2014-01-24 00:00:00,4.5,0,7,,,,18,,,
2014-01-25 00:00:00,6.6,4,10,,,,22.9,,,
2014-01-26 00:00:00,4.2,2,7,,,,22.8,,,
2014-01-27 00:00:00,4.5,1,8,,,,20.9,,,
2014-01-28 00:00:00,6,5,8,,,,19.7,,,
2014-01-29 00:00:00,5.2,3,6,,,,21.4,,,
2014-01-30 00:00:00,2.8,,,,,,16.9,,,
2014-01-31 00:00:00,4.2,2,7,,,,21.9,,,
2014-02-01 00:00:00,4.9,1,7,,,,29.8,,,
2014-02-02 00:00:00,6.5,5,8,,,,23.9,,,
2014-02-03 00:00:00,6,5,7,,,,26.6,,,
2014-02-04 00:00:00,5.4,3,8,,,,25.6,,,
2014-02-05 00:00:00,6.7,6,8,,,,34.1,,,
2014-02-06 00:00:00,6.3,4,8,,,,20.4,,,
2014-02-07 00:00:00,4.9,3,7,,,,16.5,,,
2014-02-08 00:00:00,6.4,5,8,,,,37.1,,,
2014-02-09 00:00:00,5.7,2,7,,,,27.3,,,
2014-02-10 00:00:00,2.8,1,5,,,,11.3,,,
2014-02-11 00:00:00,3.4,1,6,,,,21,,,
2014-02-12 00:00:00,4.5,1,8,,,,39.2,,,
2014-02-13 00:00:00,4.1,2,6,,,,26.7,,,
2014-02-14 00:00:00,5.6,3,9,,,,27.8,,,
2014-02-15 00:00:00,6,5,9,,,,32.1,,,
2014-02-16 00:00:00,5,2,8,,,,17.2,,,
2014-02-17 00:00:00,7.1,5,9,,,,20.4,,,
2014-02-18 00:00:00,7.4,6,9,,,,13.1,,,
2014-02-19 00:00:00,7.7,4,10,,,,13.4,,,
2014-02-20 00:00:00,8.3,4,11,,,,24.9,,,
2014-02-21 00:00:00,4.9,2,8,,,,23.8,,,
2014-02-22 00:00:00,6.7,3,10,,,,22.8,,,
2014-02-23 00:00:00,10.5,8,12,,,,32.7,,,
2014-02-24 00:00:00,8.9,6,10,,,,26.8,,,
2014-02-25 00:00:00,7.4,5,11,,,,25.6,,,
2014-02-26 00:00:00,6,3,9,,,,20.9,,,
2014-02-27 00:00:00,6.4,3,9,,,,23.7,,,
2014-02-28 00:00:00,3.9,1,8,,,,11.5,,,
2014-03-01 00:00:00,4,1,8,,,,8,,,
2014-03-02 00:00:00,7,5,10,,,,21.5,,,
2014-03-03 00:00:00,5,1,9,,,,8.9,,,
2014-03-04 00:00:00,5.1,1,9,,,,11.7,,,
2014-03-05 00:00:00,6.3,1,10,,,,14.5,,,
2014-03-06 00:00:00,9.2,7,11,,,,22,,,
2014-03-07 00:00:00,8.1,1,11,,,,21.9,,,
2014-03-08 00:00:00,8.5,2,13,,,,23.2,,,
2014-03-09 00:00:00,10.9,7,16,,,,13.7,,,
2014-03-10 00:00:00,8.2,3,13,,,,11.8,,,
2014-03-11 00:00:00,5.6,-1,12,,,,10.6,,,
2014-03-12 00:00:00,6.1,-1,13,,,,5.8,,,
2014-03-13 00:00:00,4,2,8,,,,4.6,,,
2014-03-14 00:00:00,5.7,0,10,,,,12.2,,,
2014-03-15 00:00:00,9.4,8,11,,,,26,,,
2014-03-16 00:00:00,9.3,8,11,,,,21.9,,,
2014-03-17 00:00:00,9.1,7,11,,,,17.7,,,
2014-03-18 00:00:00,8.5,,,,,,24.6,,,
2014-03-19 00:00:00,9.3,5,13,,,,21.3,,,
2014-03-20 00:00:00,8,5,12,,,,27,,,
2014-03-21 00:00:00,5.8,2,10,,,,22.3,,,
2014-03-22 00:00:00,4.7,2,7,,,,20.6,,,
2014-03-23 00:00:00,4.9,1,8,,,,17.5,,,
2014-03-24 00:00:00,5,-1,10,,,,18.2,,,
2014-03-25 00:00:00,6.3,5,8,,,,12,,,
2014-03-26 00:00:00,4.7,0,8,,,,14.3,,,
2014-03-27 00:00:00,4.9,2,9,,,,13.8,,,
2014-03-28 00:00:00,7.3,3,12,,,,17.3,,,
2014-03-29 00:00:00,10.9,6,16,,,,23,,,
2014-03-30 00:00:00,12.5,6,18,,,,14.6,,,
2014-03-31 00:00:00,11.7,7,16,,,,11.7,,,
2014-04-01 00:00:00,11.2,8,16,,,,5,,,
2014-04-02 00:00:00,10,8,12,,,,15.5,,,
2014-04-03 00:00:00,10.2,7,14,,,,11.4,,,
2014-04-04 00:00:00,10.2,8,13,,,,7.9,,,
2014-04-05 00:00:00,11.3,7,14,,,,10.5,,,
2014-04-06 00:00:00,13.4,10,16,,,,16.6,,,
2014-04-07 00:00:00,10,8,15,,,,11.9,,,
2014-04-08 00:00:00,8,5,11,,,,22.9,,,
2014-04-09 00:00:00,9.8,5,14,,,,13.6,,,
2014-04-10 00:00:00,9.4,6,12,,,,9.6,,,
2014-04-11 00:00:00,8.2,4,12,,,,9.5,,,
2014-04-12 00:00:00,8.1,4,12,,,,15.8,,,
2014-04-13 00:00:00,9.2,6,12,,,,19.9,,,
2014-04-14 00:00:00,9.5,7,13,,,,19,,,
2014-04-15 00:00:00,9,2,15,,,,8.4,,,
2014-04-16 00:00:00,10,5,15,,,,15.8,,,
2014-04-17 00:00:00,9.5,6,12,,,,19.3,,,
2014-04-18 00:00:00,7.8,1,14,,,,6.9,,,
2014-04-19 00:00:00,6.9,1,13,,,,12.6,,,
2014-04-20 00:00:00,9.5,4,14,,,,26.5,,,
2014-04-21 00:00:00,13.1,9,19,,,,20.6,,,
2014-04-22 00:00:00,11.2,9,14,,,,14.1,,,
2014-04-23 00:00:00,11.8,9,15,,,,16.6,,,
2014-04-24 00:00:00,11,4,15,,,,6.7,,,
2014-04-25 00:00:00,9.6,6,12,,,,13.6,,,
2014-04-26 00:00:00,11.6,8,16,,,,22.1,,,
2014-04-27 00:00:00,11.6,7,16,,,,23.2,,,
2014-04-28 00:00:00,12.9,10,18,,,,7.4,,,
2014-04-29 00:00:00,12.1,6,17,,,,5.8,,,
2014-04-30 00:00:00,13.4,9,17,,,,7.5,,,
2014-05-01 00:00:00,10,7,13,,,,15,,,
2014-05-02 00:00:00,9.1,5,12,,,,14.3,,,
2014-05-03 00:00:00,8.5,0,14,,,,7.7,,,
2014-05-04 00:00:00,12.1,10,15,,,,10.7,,,
2014-05-05 00:00:00,12.1,7,16,,,,16.8,,,
2014-05-06 00:00:00,12.3,,,,,,14.6,,,
2014-05-07 00:00:00,11.2,8,14,,,,22.4,,,
2014-05-08 00:00:00,11.5,9,13,,,,14.9,,,
2014-05-09 00:00:00,11,8,15,,,,23.9,,,
2014-05-10 00:00:00,11.2,9,14,,,,24.3,,,
2014-05-11 00:00:00,10.8,9,13,,,,25.5,,,
2014-05-12 00:00:00,9.9,8,13,,,,12.2,,,
2014-05-13 00:00:00,9.6,5,14,,,,8.9,,,
2014-05-14 00:00:00,11.2,4,16,,,,11.1,,,
2014-05-15 00:00:00,14.1,9,18,,,,6.9,,,
2014-05-16 00:00:00,14.7,7,21,,,,7,,,
2014-05-17 00:00:00,15.5,10,21,,,,10.7,,,
2014-05-18 00:00:00,16.5,11,23,,,,15.5,,,
2014-05-19 00:00:00,17.5,11,24,,,,16.3,,,
2014-05-20 00:00:00,16,13,20,,,,14.3,,,
2014-05-21 00:00:00,14.4,9,20,,,,9.2,,,
2014-05-22 00:00:00,11.8,10,14,,,,17.2,,,
2014-05-23 00:00:00,11.6,9,15,,,,23.3,,,
2014-05-24 00:00:00,11.6,9,14,,,,14.3,,,
2014-05-25 00:00:00,11.8,9,14,,,,12.5,,,
2014-05-26 00:00:00,13.2,8,18,,,,10.4,,,
2014-05-27 00:00:00,13.5,11,17,,,,14.5,,,
2014-05-28 00:00:00,11.5,10,13,,,,16.1,,,
2014-05-29 00:00:00,11.5,10,13,,,,19.1,,,
2014-05-30 00:00:00,12.3,9,15,,,,11,,,
2014-05-31 00:00:00,13.9,11,17,,,,10.5,,,
2014-06-01 00:00:00,14.3,6,21,,,,6.6,,,
2014-06-02 00:00:00,14.8,12,18,,,,8.4,,,
2014-06-03 00:00:00,13.3,12,16,,,,8.6,,,
2014-06-04 00:00:00,11.6,10,14,,,,8.3,,,
2014-06-05 00:00:00,12,8,15,,,,18.5,,,
2014-06-06 00:00:00,13.8,4,20,,,,11.4,,,
2014-06-07 00:00:00,15.1,11,18,,,,12.4,,,
2014-06-08 00:00:00,15.8,12,20,,,,16,,,
2014-06-09 00:00:00,16,12,21,,,,7.3,,,
2014-06-10 00:00:00,15,12,20,,,,14.4,,,
2014-06-11 00:00:00,15.7,12,19,,,,14.7,,,
2014-06-12 00:00:00,15.7,,,,,,7.1,,,
2014-06-13 00:00:00,16.8,11,22,,,,8,,,
2014-06-14 00:00:00,16.7,12,22,,,,8.2,,,
2014-06-15 00:00:00,15.3,14,17,,,,6.3,,,
2014-06-16 00:00:00,15.9,13,20,,,,14.4,,,
2014-06-17 00:00:00,15.8,9,20,,,,12,,,
2014-06-18 00:00:00,18.7,14,23,,,,9.6,,,
2014-06-19 00:00:00,17,14,21,,,,10.1,,,
2014-06-20 00:00:00,15.6,11,21,,,,10.5,,,
2014-06-21 00:00:00,15.8,11,21,,,,11.7,,,
2014-06-22 00:00:00,16.4,10,22,,,,7.4,,,
2014-06-23 00:00:00,17.1,11,23,,,,11.5,,,
2014-06-24 00:00:00,15.4,13,19,,,,9.5,,,
2014-06-25 00:00:00,15.6,10,20,,,,6.1,,,
2014-06-26 00:00:00,15.6,13,19,,,,12.6,,,
2014-06-27 00:00:00,13.2,11,15,,,,14.4,,,
2014-06-28 00:00:00,12.3,11,15,,,,13.5,,,
2014-06-29 00:00:00,13.7,10,18,,,,10.4,,,
2014-06-30 00:00:00,15.3,9,21,,,,5.8,,,
2014-07-01 00:00:00,16.3,9,21,,,,8,,,
2014-07-02 00:00:00,17.1,11,22,,,,12.4,,,
2014-07-03 00:00:00,17.2,15,21,,,,18.6,,,
2014-07-04 00:00:00,16.8,15,19,,,,18.4,,,
2014-07-05 00:00:00,16.1,12,19,,,,14.6,,,
2014-07-06 00:00:00,14.8,11,19,,,,9.2,,,
2014-07-07 00:00:00,14.5,10,19,,,,8.3,,,
2014-07-08 00:00:00,14.8,12,20,,,,9.3,,,
2014-07-09 00:00:00,16.1,11,20,,,,16,,,
2014-07-10 00:00:00,17.2,12,22,,,,13.6,,,
2014-07-11 00:00:00,17.1,10,23,,,,8.4,,,
2014-07-12 00:00:00,,,,,,,,,,
2014-07-13 00:00:00,16.4,,,,,,16,,,
2014-07-14 00:00:00,15.3,9,20,,,,15.4,,,
2014-07-15 00:00:00,16.5,13,21,,,,9.5,,,
2014-07-16 00:00:00,17,12,21,,,,15.1,,,
2014-07-17 00:00:00,19.2,12,26,,,,6.6,,,
2014-07-18 00:00:00,20.8,17,24,,,,20,,,
2014-07-19 00:00:00,19.1,17,22,,,,8.9,,,
2014-07-20 00:00:00,18.3,16,23,,,,11.5,,,
2014-07-21 00:00:00,18.8,14,23,,,,9.5,,,
2014-07-22 00:00:00,19.7,12,26,,,,5.2,,,
2014-07-23 00:00:00,20.7,14,26,,,,17.3,,,
2014-07-24 00:00:00,20.8,14,26,,,,16.8,,,
2014-07-25 00:00:00,21.1,14,27,,,,12.9,,,
2014-07-26 00:00:00,20.5,13,27,,,,8.2,,,
2014-07-27 00:00:00,17.2,13,21,,,,14.6,,,
2014-07-28 00:00:00,17.8,12,24,,,,7.5,,,
2014-07-29 00:00:00,15.7,11,20,,,,11.4,,,
2014-07-30 00:00:00,16.8,14,21,,,,13.6,,,
2014-07-31 00:00:00,17.7,14,21,,,,13.9,,,
2014-08-01 00:00:00,16.4,15,20,,,,13.1,,,
2014-08-02 00:00:00,16.4,14,21,,,,14.8,,,
2014-08-03 00:00:00,16,12,21,,,,23.1,,,
2014-08-04 00:00:00,16.4,11,21,,,,11,,,
2014-08-05 00:00:00,16.3,10,21,,,,11.3,,,
2014-08-06 00:00:00,18.3,16,21,,,,16.2,,,
2014-08-07 00:00:00,15.8,11,20,,,,6.6,,,
2014-08-08 00:00:00,15.9,10,22,,,,8.9,,,
2014-08-09 00:00:00,16.7,12,22,,,,16,,,
2014-08-10 00:00:00,13.7,12,17,,,,19,,,
2014-08-11 00:00:00,15,11,19,,,,28.2,,,
2014-08-12 00:00:00,14.5,10,19,,,,22.1,,,
2014-08-13 00:00:00,14.2,12,17,,,,17.2,,,
2014-08-14 00:00:00,13.6,10,17,,,,11.3,,,
2014-08-15 00:00:00,14.8,11,19,,,,8.2,,,
2014-08-16 00:00:00,14,11,17,,,,18.4,,,
2014-08-17 00:00:00,14.4,12,16,,,,27.6,,,
2014-08-18 00:00:00,13.5,11,17,,,,16.1,,,
2014-08-19 00:00:00,11.9,8,16,,,,13.2,,,
2014-08-20 00:00:00,11.1,7,16,,,,9.9,,,
2014-08-21 00:00:00,12,8,15,,,,18,,,
2014-08-22 00:00:00,12.4,9,16,,,,11.4,,,
2014-08-23 00:00:00,11.7,8,17,,,,11.7,,,
2014-08-24 00:00:00,12,6,18,,,,8.6,,,
2014-08-25 00:00:00,13.5,12,15,,,,16.8,,,
2014-08-26 00:00:00,14.2,9,18,,,,20.9,,,
2014-08-27 00:00:00,13.6,6,19,,,,15,,,
2014-08-28 00:00:00,16.8,14,20,,,,18,,,
2014-08-29 00:00:00,15.2,13,18,,,,24,,,
2014-08-30 00:00:00,14.4,12,18,,,,17.6,,,
2014-08-31 00:00:00,14.9,12,19,,,,11.3,,,
2014-09-01 00:00:00,15.1,13,18,,,,12.9,,,
2014-09-02 00:00:00,14.3,7,20,,,,5.4,,,
2014-09-03 00:00:00,16.9,13,20,,,,7.5,,,
2014-09-04 00:00:00,16.9,12,20,,,,10.1,,,
2014-09-05 00:00:00,17.5,15,22,,,,7.1,,,
2014-09-06 00:00:00,14.8,9,16,,,,10.3,,,
2014-09-07 00:00:00,12,7,18,,,,7,,,
2014-09-08 00:00:00,11.9,7,18,,,,7.6,,,
2014-09-09 00:00:00,12.7,8,18,,,,5,,,
2014-09-10 00:00:00,14.1,8,21,,,,5.8,,,
2014-09-11 00:00:00,14.2,9,20,,,,6.3,,,
2014-09-12 00:00:00,13.8,8,18,,,,7.7,,,
2014-09-13 00:00:00,14.7,10,19,,,,8.5,,,
2014-09-14 00:00:00,13.5,8,18,,,,15.1,,,
2014-09-15 00:00:00,15.6,12,20,,,,11.3,,,
2014-09-16 00:00:00,16.8,13,22,,,,12.6,,,
2014-09-17 00:00:00,15.3,10,19,,,,12.6,,,
2014-09-18 00:00:00,17.5,14,21,,,,12.9,,,
2014-09-19 00:00:00,15.5,12,18,,,,8.2,,,
2014-09-20 00:00:00,15.7,13,18,,,,11,,,
2014-09-21 00:00:00,12.3,7,17,,,,9.7,,,
2014-09-22 00:00:00,11,4,18,,,,7.3,,,
2014-09-23 00:00:00,12,8,18,,,,11.3,,,
2014-09-24 00:00:00,12.3,7,16,,,,15.1,,,
2014-09-25 00:00:00,13.1,6,18,,,,12,,,
2014-09-26 00:00:00,14.6,7,17,,,,15.6,,,
2014-09-27 00:00:00,11,4,17,,,,7.3,,,
2014-09-28 00:00:00,15.7,11,21,,,,6.5,,,
2014-09-29 00:00:00,13.9,10,18,,,,3.7,,,
2014-09-30 00:00:00,15.8,13,20,,,,13.2,,,
2014-10-01 00:00:00,14.5,8,18,,,,12.2,,,
2014-10-02 00:00:00,10.6,3,17,,,,7.9,,,
2014-10-03 00:00:00,15.3,11,19,,,,19.6,,,
2014-10-04 00:00:00,11.7,6,15,,,,18.3,,,
2014-10-05 00:00:00,9.6,5,15,,,,15,,,
2014-10-06 00:00:00,10.5,6,14,,,,20.7,,,
2014-10-07 00:00:00,6.6,3,10,,,,10.9,,,
2014-10-08 00:00:00,9.8,7,14,,,,15.8,,,
2014-10-09 00:00:00,10.9,9,13,,,,22.1,,,
2014-10-10 00:00:00,10.5,8,14,,,,15.7,,,
2014-10-11 00:00:00,9.7,7,13,,,,9.8,,,
2014-10-12 00:00:00,8.3,2,14,,,,8.4,,,
2014-10-13 00:00:00,10.5,9,12,,,,26.5,,,
2014-10-14 00:00:00,11,10,12,,,,22.8,,,
2014-10-15 00:00:00,12,11,14,,,,13.6,,,
2014-10-16 00:00:00,12.2,9,17,,,,9,,,
2014-10-17 00:00:00,14.6,12,17,,,,18.4,,,
2014-10-18 00:00:00,16.8,15,19,,,,23.7,,,
2014-10-19 00:00:00,14.6,13,16,,,,26.5,,,
2014-10-20 00:00:00,11.9,10,15,,,,17.9,,,
2014-10-21 00:00:00,9.9,7,13,,,,31.6,,,
2014-10-22 00:00:00,10.3,7,12,,,,16.3,,,
2014-10-23 00:00:00,12.8,10,16,,,,17.3,,,
2014-10-24 00:00:00,11.3,7,13,,,,10.6,,,
2014-10-25 00:00:00,10.2,7,13,,,,19.4,,,
2014-10-26 00:00:00,13,11,14,,,,26.7,,,
2014-10-27 00:00:00,14.9,14,16,,,,22.5,,,
2014-10-28 00:00:00,13.9,9,17,,,,20.7,,,
2014-10-29 00:00:00,7.9,2,11,,,,10.8,,,
2014-10-30 00:00:00,14.5,10,17,,,,13.8,,,
2014-10-31 00:00:00,16.5,14,19,,,,21.9,,,
2014-11-01 00:00:00,13.3,11,16,,,,24.3,,,
2014-11-02 00:00:00,11.1,8,13,,,,16.7,,,
2014-11-03 00:00:00,8.3,6,10,,,,19,,,
2014-11-04 00:00:00,5.8,3,9,,,,7.2,,,
2014-11-05 00:00:00,5.9,0,10,,,,9,,,
2014-11-06 00:00:00,7.3,1,11,,,,22.8,,,
2014-11-07 00:00:00,9.8,7,12,,,,18.5,,,
2014-11-08 00:00:00,8.3,6,11,,,,20.3,,,
2014-11-09 00:00:00,7,5,10,,,,12,,,
2014-11-10 00:00:00,8.9,6,11,,,,17,,,
2014-11-11 00:00:00,11,10,11,,,,24.9,,,
2014-11-12 00:00:00,10.2,8,11,,,,19.1,,,
2014-11-13 00:00:00,11.1,9,13,,,,25.5,,,
2014-11-14 00:00:00,10.7,6,13,,,,17.7,,,
2014-11-15 00:00:00,8.8,7,11,,,,8.4,,,
2014-11-16 00:00:00,9,6,11,,,,9.6,,,
2014-11-17 00:00:00,8.7,7,11,,,,16.3,,,
2014-11-18 00:00:00,8.3,5,12,,,,11.8,,,
2014-11-19 00:00:00,8.7,6,11,,,,11.6,,,
2014-11-20 00:00:00,7,2,10,,,,8.1,,,
2014-11-21 00:00:00,6.5,3,9,,,,15.5,,,
2014-11-22 00:00:00,10.9,8,14,,,,12.2,,,
2014-11-23 00:00:00,6.3,2,9,,,,7.4,,,
2014-11-24 00:00:00,3.9,2,8,,,,8.7,,,
2014-11-25 00:00:00,4.2,0,7,,,,6.8,,,
2014-11-26 00:00:00,6.9,6,8,,,,8.7,,,
2014-11-27 00:00:00,6.7,4,8,,,,4.3,,,
2014-11-28 00:00:00,9.6,7,11,,,,14.7,,,
2014-11-29 00:00:00,10,9,11,,,,10.9,,,
2014-11-30 00:00:00,8.8,7,11,,,,8.6,,,
2014-12-01 00:00:00,7.5,6,9,,,,6.8,,,
2014-12-02 00:00:00,5.2,1,7,,,,13.5,,,
2014-12-03 00:00:00,0.6,-3,6,,,,3.5,,,
2014-12-04 00:00:00,4,1,6,,,,9.2,,,
2014-12-05 00:00:00,3.4,,,,,,8.5,,,
2014-12-06 00:00:00,2.1,-3,8,,,,11,,,
2014-12-07 00:00:00,6,3,9,,,,23.8,,,
2014-12-08 00:00:00,3.2,1,6,,,,14.4,,,
2014-12-09 00:00:00,4.8,0,11,,,,22.3,,,
2014-12-10 00:00:00,5.7,3,8,,,,29.8,,,
2014-12-11 00:00:00,4.2,2,5,,,,28.1,,,
2014-12-12 00:00:00,3.4,2,5,,,,15.1,,,
2014-12-13 00:00:00,1.1,-2,5,,,,9.2,,,
2014-12-14 00:00:00,6.1,3,8,,,,23.2,,,
2014-12-15 00:00:00,4.7,3,6,,,,16.7,,,
2014-12-16 00:00:00,5.6,3,7,,,,14.2,,,
2014-12-17 00:00:00,10,6,11,,,,21.5,,,
2014-12-18 00:00:00,11.6,9,12,,,,25.7,,,
2014-12-19 00:00:00,6.6,5,9,,,,26.3,,,
2014-12-20 00:00:00,7,6,8,,,,24.3,,,
2014-12-21 00:00:00,9,6,12,,,,23.5,,,
2014-12-22 00:00:00,12,11,13,,,,35,,,
2014-12-23 00:00:00,10.7,10,12,,,,29.6,,,
2014-12-24 00:00:00,6.6,5,10,,,,20.6,,,
2014-12-25 00:00:00,5.3,4,6,,,,10.8,,,
2014-12-26 00:00:00,2.7,0,4,,,,14.6,,,
2014-12-27 00:00:00,1.2,-2,3,,,,9,,,
2014-12-28 00:00:00,-0.2,-4,3,,,,5.7,,,
2014-12-29 00:00:00,0.1,-3,4,,,,5.6,,,
2014-12-30 00:00:00,1.5,-1,5,,,,9.9,,,
2014-12-31 00:00:00,4.7,2,8,,,,17.4,,,
2015-01-01 00:00:00,10.7,,,,,,30.3,,,
2015-01-02 00:00:00,6.2,2,12,,,,27.9,,,
2015-01-03 00:00:00,3.4,-1,5,,,,9.7,,,
2015-01-04 00:00:00,0.8,-3,5,,,,9,,,
2015-01-05 00:00:00,6.4,4,8,,,,14.5,,,
2015-01-06 00:00:00,6.1,3,8,,,,19.1,,,
2015-01-07 00:00:00,6.4,3,10,,,,26.3,,,
2015-01-08 00:00:00,6.4,4,9,,,,17,,,
2015-01-09 00:00:00,10.4,7,14,,,,32.2,,,
2015-01-10 00:00:00,7.7,3,13,,,,35.9,,,
2015-01-11 00:00:00,5.8,3,7,,,,31.4,,,
2015-01-12 00:00:00,6.9,3,10,,,,24.4,,,
2015-01-13 00:00:00,3.1,1,6,,,,17.9,,,
2015-01-14 00:00:00,2.7,0,8,,,,26.5,,,
2015-01-15 00:00:00,5.3,4,9,,,,32.9,,,
2015-01-16 00:00:00,2.1,-1,5,,,,16.2,,,
2015-01-17 00:00:00,1.8,0,5,,,,16.7,,,
2015-01-18 00:00:00,0.5,0,2,,,,7.6,,,
2015-01-19 00:00:00,-0.8,-5,1,,,,5.4,,,
2015-01-20 00:00:00,0.9,-2,3,,,,12.5,,,
2015-01-21 00:00:00,2.1,1,3,,,,11.2,,,
2015-01-22 00:00:00,1.4,0,4,,,,6.5,,,
2015-01-23 00:00:00,2,-1,7,,,,20.4,,,
2015-01-24 00:00:00,4.7,3,7,,,,16.4,,,
2015-01-25 00:00:00,5.7,2,9,,,,14.3,,,
2015-01-26 00:00:00,6.8,5,9,,,,17.4,,,
2015-01-27 00:00:00,5.8,3,7,,,,15.3,,,
2015-01-28 00:00:00,4.9,1,9,,,,33.4,,,
2015-01-29 00:00:00,1.5,0,3,,,,21.5,,,
2015-01-30 00:00:00,1.9,0,5,,,,11.8,,,
2015-01-31 00:00:00,3.1,1,5,,,,18,,,
2015-02-01 00:00:00,2,-1,4,,,,20.5,,,
2015-02-02 00:00:00,-1,-5,2,,,,6.8,,,
2015-02-03 00:00:00,0.2,-4,5,,,,8.3,,,
2015-02-04 00:00:00,1.7,-2,5,,,,11.5,,,
2015-02-05 00:00:00,2.8,0,6,,,,8.9,,,
2015-02-06 00:00:00,0.7,-4,5,,,,9.7,,,
2015-02-07 00:00:00,2.1,-1,5,,,,6,,,
2015-02-08 00:00:00,1.3,0,5,,,,5.2,,,
2015-02-09 00:00:00,5.4,5,6,,,,12.8,,,
2015-02-10 00:00:00,3.8,2,5,,,,7.3,,,
2015-02-11 00:00:00,3.3,2,4,,,,8.1,,,
2015-02-12 00:00:00,3.9,,,,,,10.2,,,
2015-02-13 00:00:00,5.9,3,8,,,,20.8,,,
2015-02-14 00:00:00,6.4,4,8,,,,14.2,,,
2015-02-15 00:00:00,5.6,2,8,,,,12,,,
2015-02-16 00:00:00,5.5,3,7,,,,15.7,,,
2015-02-17 00:00:00,3.8,-1,8,,,,13.2,,,
2015-02-18 00:00:00,6.9,4,10,,,,20.7,,,
2015-02-19 00:00:00,6.1,3,8,,,,17.8,,,
2015-02-20 00:00:00,2.9,0,6,,,,10.3,,,
2015-02-21 00:00:00,2.5,1,6,,,,13.4,,,
2015-02-22 00:00:00,2.9,0,8,,,,21.8,,,
2015-02-23 00:00:00,3.9,1,6,,,,25.9,,,
2015-02-24 00:00:00,4.6,2,7,,,,28.1,,,
2015-02-25 00:00:00,7,3,10,,,,11.5,,,
2015-02-26 00:00:00,7.1,0,10,,,,21.6,,,
2015-02-27 00:00:00,4.4,1,8,,,,17.8,,,
2015-02-28 00:00:00,8,5,11,,,,26,,,
2015-03-01 00:00:00,5.5,3,9,,,,27.6,,,
2015-03-02 00:00:00,2.8,0,6,,,,24.5,,,
2015-03-03 00:00:00,3.6,0,7,,,,22.9,,,
2015-03-04 00:00:00,5.1,2,8,,,,22.4,,,
2015-03-05 00:00:00,5.6,1,9,,,,18.3,,,
2015-03-06 00:00:00,8.6,7,13,,,,22.1,,,
2015-03-07 00:00:00,10.4,8,15,,,,29,,,
2015-03-08 00:00:00,7.2,1,10,,,,17.4,,,
2015-03-09 00:00:00,5.1,-1,10,,,,20.6,,,
2015-03-10 00:00:00,5.6,1,9,,,,12.4,,,
2015-03-11 00:00:00,5.8,1,10,,,,17.6,,,
2015-03-12 00:00:00,9.2,2,13,,,,20.7,,,
2015-03-13 00:00:00,4.9,2,8,,,,17.1,,,
2015-03-14 00:00:00,3.6,0,6,,,,15.7,,,
2015-03-15 00:00:00,5.5,4,8,,,,18.6,,,
2015-03-16 00:00:00,5.2,3,7,,,,14,,,
2015-03-17 00:00:00,5,0,8,,,,7.8,,,
2015-03-18 00:00:00,3.3,-2,11,,,,6.8,,,
2015-03-19 00:00:00,4.2,-3,11,,,,5.6,,,
2015-03-20 00:00:00,6.3,3,10,,,,9,,,
2015-03-21 00:00:00,5.2,1,10,,,,15.3,,,
2015-03-22 00:00:00,4.6,-1,9,,,,8.1,,,
2015-03-23 00:00:00,5.4,1,10,,,,13.1,,,
2015-03-24 00:00:00,3.8,-1,8,,,,10.7,,,
2015-03-25 00:00:00,3.8,-3,9,,,,6.5,,,
2015-03-26 00:00:00,6,2,9,,,,28.1,,,
2015-03-27 00:00:00,5.8,1,10,,,,10.2,,,
2015-03-28 00:00:00,9.9,7,13,,,,26.3,,,
2015-03-29 00:00:00,7.3,6,9,,,,25.8,,,
2015-03-30 00:00:00,6.5,4,10,,,,27.1,,,
2015-03-31 00:00:00,7.1,4,11,,,,44,,,
2015-04-01 00:00:00,6.1,5,8,,,,28.4,,,
2015-04-02 00:00:00,6.8,5,10,,,,8.4,,,
2015-04-03 00:00:00,8.4,6,11,,,,13.6,,,
2015-04-04 00:00:00,9.1,7,12,,,,12.2,,,
2015-04-05 00:00:00,9.5,6,15,,,,7.4,,,
2015-04-06 00:00:00,8.1,5,15,,,,6.3,,,
2015-04-07 00:00:00,9.5,6,15,,,,7.3,,,
2015-04-08 00:00:00,10.1,1,17,,,,7,,,
2015-04-09 00:00:00,11.2,5,17,,,,6.1,,,
2015-04-10 00:00:00,13.2,7,19,,,,15.1,,,
2015-04-11 00:00:00,8.8,5,11,,,,25.1,,,
2015-04-12 00:00:00,6.6,2,13,,,,22.6,,,
2015-04-13 00:00:00,7.5,0,14,,,,13.1,,,
2015-04-14 00:00:00,12.3,8,18,,,,16.7,,,
2015-04-15 00:00:00,8.2,4,12,,,,12.9,,,
2015-04-16 00:00:00,10,4,15,,,,6.2,,,
2015-04-17 00:00:00,10.1,7,13,,,,15.4,,,
2015-04-18 00:00:00,8.5,3,14,,,,16.1,,,
2015-04-19 00:00:00,6.9,1,13,,,,13.8,,,
2015-04-20 00:00:00,8.7,1,15,,,,7.5,,,
2015-04-21 00:00:00,11,2,19,,,,5.4,,,
2015-04-22 00:00:00,11.7,3,18,,,,8.9,,,
2015-04-23 00:00:00,12.1,5,19,,,,6.6,,,
2015-04-24 00:00:00,10.8,6,14,,,,10.5,,,
2015-04-25 00:00:00,9.9,6,14,,,,18.1,,,
2015-04-26 00:00:00,6.5,2,11,,,,11.9,,,
2015-04-27 00:00:00,5.2,-2,11,,,,11.2,,,
2015-04-28 00:00:00,6.3,3,12,,,,22.3,,,
2015-04-29 00:00:00,8,4,12,,,,23.2,,,
2015-04-30 00:00:00,7.3,4,12,,,,16,,,
2015-05-01 00:00:00,6.2,0,11,,,,11.9,,,
2015-05-02 00:00:00,6.7,4,9,,,,17.4,,,
2015-05-03 00:00:00,11.7,,,,,,22.1,,,
2015-05-04 00:00:00,12.3,8,15,,,,16.5,,,
2015-05-05 00:00:00,11.6,9,14,,,,27.2,,,
2015-05-06 00:00:00,8.7,7,10,,,,26.4,,,
2015-05-07 00:00:00,9.2,6,13,,,,9.3,,,
2015-05-08 00:00:00,9.9,5,14,,,,12,,,
2015-05-09 00:00:00,10,6,12,,,,21.3,,,
2015-05-10 00:00:00,12.3,7,17,,,,18.3,,,
2015-05-11 00:00:00,14.7,12,18,,,,27,,,
2015-05-12 00:00:00,11.8,10,14,,,,25.1,,,
2015-05-13 00:00:00,11.8,7,16,,,,9.5,,,
2015-05-14 00:00:00,9.2,7,11,,,,21.4,,,
2015-05-15 00:00:00,11,7,16,,,,13.2,,,
2015-05-16 00:00:00,11.4,8,13,,,,23.1,,,
2015-05-17 00:00:00,9.8,6,13,,,,18.5,,,
2015-05-18 00:00:00,8.4,6,12,,,,20.4,,,
2015-05-19 00:00:00,7.9,5,11,,,,20.4,,,
2015-05-20 00:00:00,9,6,12,,,,17.7,,,
2015-05-21 00:00:00,11.2,6,15,,,,11.8,,,
2015-05-22 00:00:00,12.5,11,15,,,,11.9,,,
2015-05-23 00:00:00,12.4,8,17,,,,5.7,,,
2015-05-24 00:00:00,10.9,8,13,,,,14.4,,,
2015-05-25 00:00:00,11,9,14,,,,12.2,,,
2015-05-26 00:00:00,11,,,,,,16.8,,,
2015-05-27 00:00:00,10.6,6,16,,,,13.1,,,
2015-05-28 00:00:00,10.6,,,,,,21.8,,,
2015-05-29 00:00:00,9.1,7,11,,,,16.9,,,
2015-05-30 00:00:00,9.8,5,14,,,,10.8,,,
2015-05-31 00:00:00,10.6,6,12,,,,23.3,,,
2015-06-01 00:00:00,8.5,4,11,,,,25.3,,,
2015-06-02 00:00:00,11.9,8,17,,,,26.5,,,
2015-06-03 00:00:00,12.1,9,15,,,,15.2,,,
2015-06-04 00:00:00,14,6,21,,,,10.4,,,
2015-06-05 00:00:00,15,10,20,,,,17.1,,,
2015-06-06 00:00:00,11.7,8,16,,,,25.8,,,
2015-06-07 00:00:00,11.2,7,15,,,,15.8,,,
2015-06-08 00:00:00,10.7,4,16,,,,8.3,,,
2015-06-09 00:00:00,10.6,4,16,,,,12.8,,,
2015-06-10 00:00:00,12.1,5,18,,,,11,,,
2015-06-11 00:00:00,14.8,7,21,,,,15.7,,,
2015-06-12 00:00:00,17.2,9,24,,,,8.6,,,
2015-06-13 00:00:00,14.2,12,17,,,,8.9,,,
2015-06-14 00:00:00,11.3,9,13,,,,11.9,,,
2015-06-15 00:00:00,12.8,5,18,,,,7,,,
2015-06-16 00:00:00,15.8,11,21,,,,5.7,,,
2015-06-17 00:00:00,14.8,12,18,,,,15.1,,,
2015-06-18 00:00:00,12.2,8,15,,,,18.5,,,
2015-06-19 00:00:00,11.9,10,14,,,,14,,,
2015-06-20 00:00:00,14.5,12,18,,,,9.1,,,
2015-06-21 00:00:00,13.5,11,16,,,,19.4,,,
2015-06-22 00:00:00,11.6,9,15,,,,16.3,,,
2015-06-23 00:00:00,14.4,9,19,,,,7.7,,,
2015-06-24 00:00:00,14.9,9,20,,,,9.5,,,
2015-06-25 00:00:00,16.6,11,22,,,,10.1,,,
2015-06-26 00:00:00,16.4,13,20,,,,12.9,,,
2015-06-27 00:00:00,16.2,11,20,,,,13,,,
2015-06-28 00:00:00,16.1,12,21,,,,19.9,,,
2015-06-29 00:00:00,16.5,12,21,,,,9,,,
2015-06-30 00:00:00,22,15,27,,,,14.3,,,
2015-07-01 00:00:00,24.8,,,,,,13.3,,,
2015-07-02 00:00:00,16.9,12,21,,,,8.5,,,
2015-07-03 00:00:00,17.4,10,24,,,,12.1,,,
2015-07-04 00:00:00,18.8,13,23,,,,18.3,,,
2015-07-05 00:00:00,14.9,11,20,,,,12.1,,,
2015-07-06 00:00:00,13.7,,,,,,15.5,,,
2015-07-07 00:00:00,15.9,13,19,,,,20.8,,,
2015-07-08 00:00:00,13.2,11,16,,,,19.5,,,
2015-07-09 00:00:00,12.8,8,17,,,,11.6,,,
2015-07-10 00:00:00,18,11,25,,,,12.9,,,
2015-07-11 00:00:00,16.8,15,19,,,,15.4,,,
2015-07-12 00:00:00,15.9,13,19,,,,15.4,,,
2015-07-13 00:00:00,15.3,12,18,,,,13.5,,,
2015-07-14 00:00:00,16,14,20,,,,9.6,,,
2015-07-15 00:00:00,14.8,11,17,,,,14.5,,,
2015-07-16 00:00:00,15.6,7,22,,,,14.2,,,
2015-07-17 00:00:00,17.1,12,20,,,,24.9,,,
2015-07-18 00:00:00,15.1,9,20,,,,20.7,,,
2015-07-19 00:00:00,14.6,11,18,,,,18,,,
2015-07-20 00:00:00,15.8,10,21,,,,16.2,,,
2015-07-21 00:00:00,16.1,13,19,,,,20.7,,,
2015-07-22 00:00:00,14.3,12,17,,,,10.9,,,
2015-07-23 00:00:00,14.1,11,17,,,,10.2,,,
2015-07-24 00:00:00,12.6,8,16,,,,7.2,,,
2015-07-25 00:00:00,13.8,10,18,,,,13.5,,,
2015-07-26 00:00:00,12.2,9,15,,,,11.2,,,
2015-07-27 00:00:00,14,13,16,,,,12.6,,,
2015-07-28 00:00:00,13.3,12,15,,,,19.4,,,
2015-07-29 00:00:00,13,10,17,,,,13.3,,,
2015-07-30 00:00:00,12.5,9,16,,,,15.9,,,
2015-07-31 00:00:00,12.9,6,19,,,,10.6,,,
2015-08-01 00:00:00,13.8,11,16,,,,13.5,,,
2015-08-02 00:00:00,16.3,11,22,,,,13.6,,,
2015-08-03 00:00:00,18.5,15,21,,,,21.9,,,
2015-08-04 00:00:00,15.5,12,19,,,,24.8,,,
2015-08-05 00:00:00,15.6,13,19,,,,17.6,,,
2015-08-06 00:00:00,15.8,12,18,,,,14.5,,,
2015-08-07 00:00:00,14.2,6,21,,,,5.9,,,
2015-08-08 00:00:00,17.3,11,23,,,,9.5,,,
2015-08-09 00:00:00,17.4,13,22,,,,16.3,,,
2015-08-10 00:00:00,17.6,12,21,,,,17.3,,,
2015-08-11 00:00:00,14.5,9,20,,,,8,,,
2015-08-12 00:00:00,15.7,7,23,,,,4.9,,,
2015-08-13 00:00:00,16.1,11,19,,,,14.4,,,
2015-08-14 00:00:00,14.7,14,16,,,,13.4,,,
2015-08-15 00:00:00,13.5,10,17,,,,11.5,,,
2015-08-16 00:00:00,13.8,7,19,,,,4.4,,,
2015-08-17 00:00:00,16.1,13,20,,,,8,,,
2015-08-18 00:00:00,14,8,18,,,,12.5,,,
2015-08-19 00:00:00,15.3,13,19,,,,16.9,,,
2015-08-20 00:00:00,17.4,15,21,,,,15.1,,,
2015-08-21 00:00:00,19.5,18,22,,,,21.4,,,
2015-08-22 00:00:00,18.6,15,24,,,,8.6,,,
2015-08-23 00:00:00,18.3,13,24,,,,17.2,,,
2015-08-24 00:00:00,14.4,10,20,,,,9.9,,,
2015-08-25 00:00:00,13.4,9,17,,,,14.5,,,
2015-08-26 00:00:00,16,14,20,,,,21.6,,,
2015-08-27 00:00:00,14.8,12,20,,,,19.5,,,
2015-08-28 00:00:00,14.4,10,19,,,,18.7,,,
2015-08-29 00:00:00,15.4,12,19,,,,16.4,,,
2015-08-30 00:00:00,14.6,10,18,,,,5.3,,,
2015-08-31 00:00:00,13.8,12,16,,,,8.2,,,
2015-09-01 00:00:00,13,10,16,,,,9.7,,,
2015-09-02 00:00:00,11.8,9,16,,,,8.8,,,
2015-09-03 00:00:00,11.5,9,14,,,,8.4,,,
2015-09-04 00:00:00,12.4,8,15,,,,10.6,,,
2015-09-05 00:00:00,12.5,9,15,,,,13.7,,,
2015-09-06 00:00:00,11.2,6,16,,,,12.1,,,
2015-09-07 00:00:00,14,9,19,,,,5.5,,1031.2,
2015-09-08 00:00:00,11.6,6,16,,,,6.6,,1027.9,
2015-09-09 00:00:00,13.2,10,17,,,,12.8,,1023.6,
2015-09-10 00:00:00,14.8,10,20,,,,14,,1020.8,
2015-09-11 00:00:00,15.2,10,20,,,,18.1,,1012.5,
2015-09-12 00:00:00,13.5,10,16,,,,16,,1005.3,
2015-09-13 00:00:00,12.3,8,17,,,,11.5,,1003.2,
2015-09-14 00:00:00,11.4,8,14,,,,14,,991.9,
2015-09-15 00:00:00,12.3,8,16,,,,10.5,,994.2,
2015-09-16 00:00:00,11.3,6,16,,,,13.2,,991.2,
2015-09-17 00:00:00,11,7,15,,,,7.8,,1000.4,
2015-09-18 00:00:00,11.8,6,17,,,,6.6,,1014.1,
2015-09-19 00:00:00,11.1,6,18,,,,4.1,,1025.2,
2015-09-20 00:00:00,11.5,7,15,,,,10.6,,1021,
2015-09-21 00:00:00,12.3,11,15,,,,13.9,,1006.4,
2015-09-22 00:00:00,11.9,10,16,,,,13.1,,1003.8,
2015-09-23 00:00:00,12,7,15,,,,13.9,,1009,
2015-09-24 00:00:00,12,9,15,,,,17.4,,1012.5,
2015-09-25 00:00:00,11.3,8,15,,,,13.7,,1023.1,
2015-09-26 00:00:00,10,4,16,,,,5.7,,1029.6,
2015-09-27 00:00:00,11,4,17,,,,8.2,,1034.9,
2015-09-28 00:00:00,12.1,6,18,,,,9.9,,1036.8,
2015-09-29 00:00:00,12.6,7,17,,,,11.4,,1036.8,
2015-09-30 00:00:00,13.2,10,18,,,,12.8,,1035.4,
2015-10-01 00:00:00,11.8,7,18,,,,7.1,,1033.1,
2015-10-02 00:00:00,9.5,3,17,,,,5.4,,1025,
2015-10-03 00:00:00,7.2,4,10,,,,3.8,,1015.7,
2015-10-04 00:00:00,10.2,6,15,,,,8.1,,1012,
2015-10-05 00:00:00,14.9,10,19,,,,20,,1000.2,
2015-10-06 00:00:00,16,14,18,,,,11,,996.3,
2015-10-07 00:00:00,12.2,9,14,,,,15.4,,1009.2,
2015-10-08 00:00:00,11.2,7,16,,,,6.9,,1020.3,
2015-10-09 00:00:00,11.6,7,17,,,,6.2,,1022.5,
2015-10-10 00:00:00,10.4,6,14,,,,10.6,,1021.3,
2015-10-11 00:00:00,11.2,8,14,,,,10.5,,1019.5,
2015-10-12 00:00:00,7.5,2,13,,,,9.1,,1022,
2015-10-13 00:00:00,8.8,6,12,,,,13.1,,1026.8,
2015-10-14 00:00:00,7.7,3,14,,,,9.3,,1025.9,
2015-10-15 00:00:00,9.2,3,13,,,,15,,1024.2,
2015-10-16 00:00:00,10.5,9,12,,,,15.4,,1025.4,
2015-10-17 00:00:00,10.2,8,13,,,,13,,1023.1,
2015-10-18 00:00:00,11.3,10,12,,,,13.5,,1023.2,
2015-10-19 00:00:00,10.5,7,14,,,,6.9,,1026.2,
2015-10-20 00:00:00,9.4,6,14,,,,7.7,,1025.5,
2015-10-21 00:00:00,12.1,9,14,,,,14.9,,1013.7,
2015-10-22 00:00:00,11.2,5,14,,,,19.7,,1015.9,
2015-10-23 00:00:00,9.5,5,12,,,,15.2,,1017,
2015-10-24 00:00:00,9.5,6,12,,,,15.9,,1013.5,
2015-10-25 00:00:00,7.1,4,10,,,,12.6,,,
2015-10-26 00:00:00,10.6,7,14,,,,18.1,,1012.2,
2015-10-27 00:00:00,12.8,10,16,,,,14.6,,1008,
2015-10-28 00:00:00,11.2,10,14,,,,8.1,,1005.7,
2015-10-29 00:00:00,11.3,9,14,,,,15.5,,1008.8,
2015-10-30 00:00:00,14,10,18,,,,17.2,,1014.1,
2015-10-31 00:00:00,12.8,9,15,,,,10.1,,1021.5,
2015-11-01 00:00:00,10.3,7,13,,,,5.1,,1027.5,
2015-11-02 00:00:00,7,4,10,,,,5.4,,1022.2,
2015-11-03 00:00:00,7.9,4,11,,,,7.2,,1014.6,
2015-11-04 00:00:00,11.5,10,13,,,,8.6,,1012,
2015-11-05 00:00:00,12.8,10,15,,,,13.9,,1008.5,
2015-11-06 00:00:00,13.2,11,15,,,,16.4,,1010.6,
2015-11-07 00:00:00,11.7,7,15,,,,17.2,,1013.6,
2015-11-08 00:00:00,10.5,7,15,,,,22.1,,1014.6,
2015-11-09 00:00:00,11.4,7,16,,,,28.6,,1013.5,
2015-11-10 00:00:00,15.5,14,17,,,,20.7,,1015.9,
2015-11-11 00:00:00,13.4,10,15,,,,24.6,,1015.6,
2015-11-12 00:00:00,10.7,7,14,,,,23.7,,1013.9,
2015-11-13 00:00:00,7.1,6,10,,,,28,,1015.4,
2015-11-14 00:00:00,8.6,6,14,,,,20.7,,1014,
2015-11-15 00:00:00,14.4,13,15,,,,34.9,,1004.2,
2015-11-16 00:00:00,9.7,7,14,,,,23.9,,1004.5,
2015-11-17 00:00:00,9.7,7,14,,,,25.7,,998.1,
2015-11-18 00:00:00,10.3,7,13,,,,29.4,,1003.8,
2015-11-19 00:00:00,8.3,6,10,,,,20,,1009.6,
2015-11-20 00:00:00,5.2,0,7,,,,21.4,,1004.7,
2015-11-21 00:00:00,1.8,-2,4,,,,17.4,,,
2015-11-22 00:00:00,2.8,1,6,,,,7.8,,1016.9,
2015-11-23 00:00:00,1.9,-2,6,,,,13.2,,1019.5,
2015-11-24 00:00:00,7.2,6,9,,,,15.2,,1008.8,
2015-11-25 00:00:00,8.3,6,10,,,,16.5,,1012.4,
2015-11-26 00:00:00,9.3,8,11,,,,9,,1018.2,
2015-11-27 00:00:00,9,3,11,,,,20.9,,1006.5,
2015-11-28 00:00:00,5.3,2,8,,,,24.4,,1003.8,
2015-11-29 00:00:00,8.3,5,12,,,,35.2,,1003.1,
2015-11-30 00:00:00,6.4,3,12,,,,17.7,,1011,
2015-12-01 00:00:00,9.1,3,13,,,,17.3,,1017.7,
2015-12-02 00:00:00,10.8,9,12,,,,19.8,,1016.8,
2015-12-03 00:00:00,10.2,7,13,,,,19.2,,1012.4,
2015-12-04 00:00:00,8.8,5,12,,,,26.7,,1018.2,
2015-12-05 00:00:00,11.9,11,12,,,,48.2,,1007.8,
2015-12-06 00:00:00,9.4,4,13,,,,22.9,,1012.3,
2015-12-07 00:00:00,11.6,7,14,,,,21,,1018.1,
2015-12-08 00:00:00,9.8,5,12,,,,23,,1017.2,
2015-12-09 00:00:00,7.6,3,11,,,,25.2,,1024.8,
2015-12-10 00:00:00,7.5,5,11,,,,21.9,,1018.2,
2015-12-11 00:00:00,5.4,4,8,,,,19.8,,1018.2,
2015-12-12 00:00:00,5.7,3,11,,,,17.3,,1012.9,
2015-12-13 00:00:00,3.6,-1,7,,,,6.6,,,
2015-12-14 00:00:00,8.1,7,9,,,,10.8,,1013.8,
2015-12-15 00:00:00,9.8,8,12,,,,13.4,,1013.1,
2015-12-16 00:00:00,12.8,12,13,,,,21.8,,1012.5,
2015-12-17 00:00:00,12.6,11,14,,,,22.6,,1010.2,
2015-12-18 00:00:00,10.8,9,12,,,,19.8,,1012.1,
2015-12-19 00:00:00,14,12,15,,,,28.3,,1003.5,
2015-12-20 00:00:00,10.1,7,14,,,,25.4,,1004.4,
2015-12-21 00:00:00,7.3,5,11,,,,24,,1008,
2015-12-22 00:00:00,10.8,8,14,,,,28.5,,1004.6,
2015-12-23 00:00:00,7.5,5,9,,,,23.5,,1011.6,
2015-12-24 00:00:00,7.5,3,11,,,,28.1,,1006.1,
2015-12-25 00:00:00,7.7,3,14,,,,21.8,,,
2015-12-26 00:00:00,12.6,8,14,,,,30.3,,1008.9,
2015-12-27 00:00:00,8.1,3,12,,,,10.9,,1017.2,
2015-12-28 00:00:00,11.3,10,13,,,,25.3,,1011,
2015-12-29 00:00:00,10.1,9,12,,,,26.5,,1011.3,
2015-12-30 00:00:00,10.4,6,13,,,,31.1,,1001.4,
2015-12-31 00:00:00,5.4,3,8,,,,20.9,,1006.7,
